time_ns,logical_gate_fidelity,logical_process_fidelity,average_leakage,input_0_leakage,input_1_leakage,samples_per_ns,is_peak_gate_fidelity_sample,is_nominal_final_sample
0.0,0.6666666666666666,0.49999999999999994,0.0,0.0,0.0,32,False,False
0.03124078288854003,0.6666666617592713,0.4999999926389069,2.3752925373409437e-16,2.3752934968963096e-16,2.3752915777855777e-16,32,False,False
0.06248156577708006,0.6666666290954,0.4999999436431,1.105029282385249e-14,1.1050296629679291e-14,1.1050289018025686e-14,32,False,False
0.0937223486656201,0.6666665399708968,0.4999998099563451,9.175520093841029e-14,9.175524175809417e-14,9.175516011872641e-14,32,False,False
0.12496313155416013,0.6666663555448413,0.499999533317262,3.8178477847395425e-13,3.817852623475306e-13,3.817842946003779e-13,32,False,False
0.15620391444270015,0.6666660425291214,0.4999990637936822,1.0206619066800062e-12,1.020664134301781e-12,1.0206596790582311e-12,32,False,False
0.1874446973312402,0.6666655951820414,0.49999839277306213,1.913233327114456e-12,1.9132372836982295e-12,1.9132293705306825e-12,32,False,False
0.2186854802197802,0.6666650042367276,0.4999975063550914,2.827235765094568e-12,2.82723786022142e-12,2.827233669967716e-12,32,False,False
0.24992626310832025,0.6666642047584532,0.4999963071376799,4.387397102601776e-12,4.387388021449257e-12,4.3874061837542956e-12,32,False,False
0.28116704599686027,0.6666631120161491,0.49999466802422365,8.774236022709197e-12,8.774220252706759e-12,8.774251792711635e-12,32,False,False
0.3124078288854003,0.6666617248061734,0.4999925872092601,1.6645771614562867e-11,1.664579548779707e-11,1.6645747741328667e-11,32,False,False
0.34364861177394035,0.6666601169210163,0.4999901753815245,2.296951263622255e-11,2.296961999579437e-11,2.296940527665073e-11,32,False,False
0.3748893946624804,0.6666582753603612,0.49998741304054173,2.3931342115906397e-11,2.3931481282794763e-11,2.393120294901803e-11,32,False,False
0.40613017755102043,0.6666560304408221,0.49998404566123317,2.8105769238093542e-11,2.810571027949172e-11,2.810582819669536e-11,32,False,False
0.4373709604395604,0.6666532498309287,0.4999798747463931,5.270490077918887e-11,5.270445624914983e-11,5.270534530922791e-11,32,False,False
0.46861174332810046,0.6666500378186675,0.49997505672800124,9.133357167458177e-11,9.133329713753538e-11,9.133384621162817e-11,32,False,False
0.4998525262166405,0.6666465787569598,0.4999698681354396,1.0641804296691507e-10,1.0641895620901591e-10,1.0641712972481423e-10,32,False,False
0.5310933091051805,0.6666427886632769,0.4999641829949153,8.908485537784933e-11,8.9086658154906e-11,8.908305260079265e-11,32,False,False
0.5623340919937205,0.6666383314126101,0.4999574971189151,9.636665227881161e-11,9.636649814657517e-11,9.636680641104805e-11,32,False,False
0.5935748748822606,0.6666330744293595,0.4999496116440391,1.929173015192405e-10,1.9291282817630288e-10,1.9292177486217815e-10,32,False,False
0.6248156577708006,0.6666273152585694,0.4999409728878541,3.1342634017612987e-10,3.1342257731282613e-10,3.1343010303943365e-10,32,False,False
0.6560564406593407,0.6666213354436952,0.4999320031655428,3.169886877702167e-10,3.169942844713555e-10,3.1698309106907783e-10,32,False,False
0.6872972235478807,0.6666148783333051,0.49992231749995775,2.2297396860225865e-10,2.2298608651654818e-10,2.2296185068796913e-10,32,False,False
0.7185380064364207,0.6666074104321392,0.4999111156482088,2.519546343011184e-10,2.519529821184619e-10,2.5195628648377494e-10,32,False,False
0.7497787893249608,0.6665988957576713,0.49989834363650704,5.46467202333856e-10,5.464396687739223e-10,5.464947358937898e-10,32,False,False
0.7810195722135008,0.6665899030667927,0.499884854600189,8.193370226496531e-10,8.193156674212881e-10,8.193583778780181e-10,32,False,False
0.8122603551020409,0.6665807417815159,0.49987111267227397,7.229803163124314e-10,7.230078627891993e-10,7.229527698356635e-10,32,False,False
0.8435011379905808,0.6665708657759344,0.4998562986639016,4.4145613918287595e-10,4.4151027268875195e-10,4.414020056769999e-10,32,False,False
0.8747419208791208,0.6665595647359531,0.49983934710392963,5.822905090687731e-10,5.822743049134432e-10,5.823067132241029e-10,32,False,False
0.9059827037676609,0.6665470354514865,0.4998205531772297,1.312097477632351e-09,1.3119760204020428e-09,1.3122189348626594e-09,32,False,False
0.9372234866562009,0.6665341601448355,0.49980124021725325,1.7801417425561373e-09,1.7800619247380496e-09,1.780221560374225e-09,32,False,False
0.968464269544741,0.6665211491879149,0.49978172378187247,1.3683999779621697e-09,1.3685095846596991e-09,1.36829037126464e-09,32,False,False
0.999705052433281,0.6665070607909747,0.499760591186462,7.597205014594918e-10,7.599013374348683e-10,7.595396654841153e-10,32,False,False
1.030945835321821,0.6664910936012168,0.4997366404018253,1.2654688787780373e-09,1.265373951038841e-09,1.2655638065172333e-09,32,False,False
1.062186618210361,0.6664738327510024,0.4997107491265036,2.783823903782242e-09,2.7834045109321326e-09,2.7842432966323514e-09,32,False,False
1.0934274010989011,0.6664564570005049,0.4996846855007574,3.365714479048407e-09,3.3654887646678778e-09,3.365940193428936e-09,32,False,False
1.124668183987441,0.6664389025620493,0.49965835384307383,2.245491866013764e-09,2.2458524606628416e-09,2.245131271364686e-09,32,False,False
1.1559089668759812,0.666419764983685,0.4996296474755275,1.2280354727821046e-09,1.2285173088811375e-09,1.2275536366830716e-09,32,False,False
1.1871497497645211,0.6663983066913682,0.4995974600370524,2.6265506376127387e-09,2.6261561286079943e-09,2.6269451466174835e-09,32,False,False
1.2183905326530613,0.666375648538052,0.49956347280707797,5.3378957927219466e-09,5.336695754260308e-09,5.339095831183585e-09,32,False,False
1.2496313155416012,0.6663531727008243,0.4995297590512364,5.689798131811039e-09,5.689285496794406e-09,5.690310766827671e-09,32,False,False
1.2808720984301414,0.6663303382389387,0.4994955073584081,3.283401375060589e-09,3.2844110965556995e-09,3.282391653565479e-09,32,False,False
1.3121128813186813,0.6663052774211748,0.4994579161317622,2.0024329223760555e-09,2.003493182310525e-09,2.0013726624415865e-09,32,False,False
1.3433536642072212,0.6662775323875834,0.4994162985813751,5.185887670366312e-09,5.184593540006685e-09,5.18718180072594e-09,32,False,False
1.3745944470957614,0.6662488670963387,0.4993733006445081,9.383798584748803e-09,9.38084303502411e-09,9.386754134473494e-09,32,False,False
1.4058352299843013,0.6662206907432361,0.4993310361148542,8.747454590877285e-09,8.746500689752569e-09,8.748408492002002e-09,32,False,False
1.4370760128728415,0.6661917837343038,0.49928767560145565,4.372308115853249e-09,4.374778047612035e-09,4.369838184094463e-09,32,False,False
1.4683167957613814,0.6661599022596385,0.4992398533894577,3.4473765260739144e-09,3.4493237744160545e-09,3.445429277731774e-09,32,False,False
1.4995575786499216,0.6661251252655064,0.4991876878982596,9.67606739470643e-09,9.672505330898532e-09,9.679629458514329e-09,32,False,False
1.5307983615384615,0.6660898954633321,0.4991348431949981,1.5279189012336672e-08,1.527275746296057e-08,1.5285620561712774e-08,32,False,False
1.5620391444270016,0.6660553946317984,0.49908309194769757,1.2363495372902545e-08,1.2362074745067603e-08,1.2364916000737486e-08,32,False,False
1.5932799273155416,0.6660195597990411,0.4990293396985618,5.441448949995537e-09,5.446833463370663e-09,5.436064436620412e-09,32,False,False
1.6245207102040817,0.6659799578028335,0.4989699367042502,6.2530427740285605e-09,6.255964175376958e-09,6.250121372680162e-09,32,False,False
1.6557614930926217,0.6659374719309819,0.4989062078964727,1.700586100920706e-08,1.699731397909549e-08,1.7014408039318628e-08,32,False,False
1.6870022759811616,0.6658951605374585,0.4988427408061876,2.3218409540612288e-08,2.3205817722075048e-08,2.323100135914953e-08,32,False,False
1.7182430588697017,0.6658536640366571,0.49878049605498564,1.617691382103281e-08,1.61754411535368e-08,1.6178386488528815e-08,32,False,False
1.7494838417582417,0.6658099850509654,0.49871497757644817,6.600564257140516e-09,6.611177007253572e-09,6.5899515070274585e-09,32,False,False
1.7807246246467818,0.6657617862375124,0.4986426793562685,1.1537010425160812e-08,1.1540222406373735e-08,1.153379844394789e-08,32,False,False
1.8119654075353218,0.6657109945777996,0.4985664918666995,2.8156032711801018e-08,2.8137694681218865e-08,2.817437074238317e-08,32,False,False
1.843206190423862,0.6656611043956971,0.4984916565935457,3.311624560490688e-08,3.3093790237527835e-08,3.313870097228591e-08,32,False,False
1.8744469733124018,0.665611872409345,0.4984178086140177,1.9686334205545358e-08,1.9686207017138747e-08,1.9686461393951973e-08,32,False,False
1.905687756200942,0.6655593831558354,0.49833907473375316,8.341872518527893e-09,8.360961748238198e-09,8.322783288817588e-09,32,False,False
1.936928539089482,0.6655017631530771,0.49825264472961556,2.088719900483489e-08,2.0888295187020173e-08,2.0886102822649614e-08,32,False,False
1.968169321978022,0.6654421518621637,0.4981632277932456,4.401007484342146e-08,4.3974261422217166e-08,4.404588826462575e-08,32,False,False
1.999410104866562,0.6653841785322497,0.4980762677983745,4.4511850695256753e-08,4.447509191101407e-08,4.454860947949944e-08,32,False,False
2.030650887755102,0.6653263868200903,0.4979895802301354,2.238361813863074e-08,2.2388011930431674e-08,2.237922434682981e-08,32,False,False
2.061891670643642,0.6652640922205721,0.4978961383308582,1.1773879940540565e-08,1.1805362954371752e-08,1.1742396926709378e-08,32,False,False
2.0931324535321822,0.6651963059092152,0.49779445886382284,3.630812194991865e-08,3.6301563543581064e-08,3.6314680356256236e-08,32,False,False
2.124373236420722,0.6651274369809771,0.49769115547146553,6.513411573709068e-08,6.506962822890666e-08,6.51986032452747e-08,32,False,False
2.155614019309262,0.665060837919062,0.49759125687859296,5.65281704391037e-08,5.6472746571580285e-08,5.6583594306627113e-08,32,False,False
2.1868548021978023,0.6649935705833713,0.49749035587505686,2.3988468755470022e-08,2.400331686850751e-08,2.3973620642432537e-08,32,False,False
2.2180955850863424,0.6649204757722816,0.49738071365842246,1.884168728086994e-08,1.8889277699969618e-08,1.879409686177026e-08,32,False,False
2.249336367974882,0.6648418799760026,0.497262819964004,6.003741436757972e-08,6.001270908139832e-08,6.006211965376112e-08,32,False,False
2.2805771508634223,0.6647633731653667,0.49714505974805007,9.154384460070636e-08,9.143576904386382e-08,9.16519201575489e-08,32,False,False
2.3118179337519624,0.664687535889897,0.49703130383484545,6.791644089738232e-08,6.783958679603501e-08,6.799329499872965e-08,32,False,False
2.343058716640502,0.6646097889617805,0.49691468344267076,2.478821927308986e-08,2.482316364247164e-08,2.4753274903708082e-08,32,False,False
2.3742994995290423,0.664524934459608,0.4967874016894121,3.246089547435213e-08,3.252633279609393e-08,3.239545815261033e-08,32,False,False
2.4055402824175824,0.6644350025347207,0.49665250380208104,9.423397753370714e-08,9.417363124251474e-08,9.429432382489954e-08,32,False,False
2.4367810653061226,0.6643465071236346,0.4965197606854519,1.2249691923296224e-07,1.2232719068825782e-07,1.2266664777766665e-07,32,False,False
2.4680218481946623,0.6642607208459975,0.49639108126899634,7.722494025026345e-08,7.712779050347775e-08,7.732208999704915e-08,32,False,False
2.4992626310832025,0.6641714179115533,0.4962571268673299,2.6050848995581626e-08,2.6119759535138718e-08,2.5981938456024533e-08,32,False,False
2.5305034139717426,0.6640739174565704,0.4961108761848556,5.6497643535236595e-08,5.65777858341718e-08,5.6417501236301386e-08,32,False,False
2.5617441968602828,0.6639722428823872,0.4959583643235807,1.40558303250433e-07,1.404358839828586e-07,1.4068072251800735e-07,32,False,False
2.5929849797488225,0.6638734012547436,0.4958101018821154,1.563660894852115e-07,1.5611515380958302e-07,1.5661702516084003e-07,32,False,False
2.6242257626373626,0.6637768356679384,0.49566525350190777,8.31153505988121e-08,8.300593703345516e-08,8.322476416416905e-08,32,False,False
2.6554665455259028,0.6636748554883932,0.4955122832325897,3.045794700057553e-08,3.0578415768672236e-08,3.033747823247882e-08,32,False,False
2.6867073284144425,0.6635639324944409,0.49534589874166135,9.552772237184372e-08,9.561041688809722e-08,9.544502785559023e-08,32,False,False
2.7179481113029826,0.6634502195069053,0.4951753292603579,1.9970911965652718e-07,1.994879190361035e-07,1.9993032027695086e-07,32,False,False
2.749188894191523,0.6633406256718031,0.4950109385077046,1.906359582588006e-07,1.9028580621654003e-07,1.9098611030106115e-07,32,False,False
2.780429677080063,0.6632323205009735,0.49484848075146015,8.484933350187916e-08,8.474593069068145e-08,8.495273631307688e-08,32,False,False
2.8116704599686027,0.6631165352047633,0.49467480280714493,4.2458200189657976e-08,4.264928272444275e-08,4.22671176548732e-08,32,False,False
2.842911242857143,0.6629915535064099,0.4944873302596149,1.5435523271153957e-07,1.5441414935359796e-07,1.5429631606948116e-07,32,False,False
2.874152025745683,0.6628655940626607,0.494298391093991,2.709884646603668e-07,2.70621341351984e-07,2.713555879687496e-07,32,False,False
2.905392808634223,0.6627447511983893,0.49411712679758396,2.2207619296802447e-07,2.2161492696807458e-07,2.2253745896797437e-07,32,False,False
2.936633591522763,0.662623619276827,0.4939354289152405,8.293045814897426e-08,8.286459647672928e-08,8.299631982121925e-08,32,False,False
2.967874374411303,0.6624929403555185,0.49373941053327774,6.843078074185195e-08,6.8708273625848e-08,6.81532878578559e-08,32,False,False
2.999115157299843,0.6623534250431015,0.4935301375646521,2.3730829095047467e-07,2.3729725222522982e-07,2.3731932967571954e-07,32,False,False
3.030355940188383,0.6622150628430904,0.4933225942646356,3.5198684379548877e-07,3.514178824628926e-07,3.525558051280849e-07,32,False,False
3.061596723076923,0.6620823445099112,0.4931235167648668,2.4712851157543344e-07,2.465564063013899e-07,2.4770061684947694e-07,32,False,False
3.092837505965463,0.6619471899700466,0.49292078495506997,7.985627758534619e-08,7.987439235037618e-08,7.983816282031621e-08,32,False,False
3.1240782888540033,0.6618006181390357,0.4927009272085535,1.1653517835697432e-07,1.1690394387744695e-07,1.1616641283650168e-07,32,False,False
3.155319071742543,0.6616462628938574,0.4924693943407862,3.473949353689369e-07,3.4724266703719556e-07,3.4754720370067823e-07,32,False,False
3.186559854631083,0.661495346679375,0.4922430200190625,4.3846406081815715e-07,4.376326447276365e-07,4.3929547690867775e-07,32,False,False
3.2178006375196233,0.6613499664801133,0.4920249497201701,2.625436407767503e-07,2.6188038048396526e-07,2.6320690106953534e-07,32,False,False
3.2490414204081635,0.6611995181955949,0.4917992772933923,8.087455747915747e-08,8.103693004232093e-08,8.071218491599401e-08,32,False,False
3.280282203296703,0.6610361923212531,0.49155428848187965,1.9616041617200725e-07,1.9660375673488726e-07,1.957170756091272e-07,32,False,False
3.3115229861852433,0.6608668507071741,0.49130027606076115,4.854416426348264e-07,4.85048188210752e-07,4.858350970589009e-07,32,False,False
3.3427637690737835,0.6607031804573126,0.49105477068596887,5.244902713705502e-07,5.233380746382146e-07,5.256424681028858e-07,32,False,False
3.374004551962323,0.6605441745628654,0.4908162618442981,2.6628085016507675e-07,2.655732126331051e-07,2.6698848769704845e-07,32,False,False
3.4052453348508633,0.6603771333750438,0.4905657000625656,9.458613589809335e-08,9.496165613639623e-08,9.421061565979048e-08,32,False,False
3.4364861177394035,0.6601963732351347,0.4902945598527021,3.1694564885586113e-07,3.174124268309316e-07,3.164788708807906e-07,32,False,False
3.4677269006279436,0.6600120328125305,0.4900180492187958,6.493616296210974e-07,6.485978772325232e-07,6.501253820096715e-07,32,False,False
3.4989676835164834,0.6598353036060907,0.489752955409136,6.0289439187369e-07,6.013755917212841e-07,6.044131920260958e-07,32,False,False
3.5302084664050235,0.6596615297072242,0.48949229456083637,2.5864348461499984e-07,2.5797222938434386e-07,2.593147398456559e-07,32,False,False
3.5614492492935637,0.6594766263706234,0.4892149395559352,1.3319983667591206e-07,1.338552561015032e-07,1.3254441725032095e-07,32,False,False
3.592690032182104,0.6592779640815828,0.48891694612237424,4.874263457160764e-07,4.878173791331101e-07,4.870353122990427e-07,32,False,False
3.6239308150706435,0.6590787038678211,0.4886180558017316,8.337018560804911e-07,8.324136065775002e-07,8.34990105583482e-07,32,False,False
3.6551715979591837,0.6588884529506118,0.4883326794259178,6.660444093760183e-07,6.641391125427265e-07,6.6794970620931e-07,32,False,False
3.686412380847724,0.6586986078969119,0.4880479118453679,2.4357216588471344e-07,2.4305626317650584e-07,2.440880685929211e-07,32,False,False
3.7176531637362635,0.6584946672459122,0.4877420008688683,2.122313312062331e-07,2.1321423494002705e-07,2.1124842747243916e-07,32,False,False
3.7488939466248037,0.6582778627914224,0.48741679418713374,7.134657385038067e-07,7.136217521907554e-07,7.13309724816858e-07,32,False,False
3.780134729513344,0.6580637963498353,0.4870956945247529,1.0295731411251107e-06,1.027590934817245e-06,1.0315553474329767e-06,32,False,False
3.811375512401884,0.6578593592214111,0.48678903883211677,7.06986689862346e-07,7.047170512967253e-07,7.092563284279667e-07,32,False,False
3.8426162952904237,0.6576520159582714,0.486478023937407,2.2992269129093936e-07,2.2971845866792348e-07,2.301269239139552e-07,32,False,False
3.873857078178964,0.6574280216892391,0.48614203253385857,3.4950358614017737e-07,3.5081926902353577e-07,3.48187903256819e-07,32,False,False
3.905097861067504,0.6571930590994223,0.48578958864913346,9.96686755111669e-07,9.963806926901304e-07,9.969928175332075e-07,32,False,False
3.936338643956044,0.6569642672304941,0.48544640084574103,1.2250462541524748e-06,1.2222017305147242e-06,1.2278907777902252e-06,32,False,False
3.967579426844584,0.6567447482829402,0.48511712242441024,7.209309236361552e-07,7.18378701983578e-07,7.234831452887322e-07,32,False,False
3.998820209733124,0.6565184108370913,0.48477761625563687,2.3249518183181922e-07,2.327875176042152e-07,2.3220284605942323e-07,32,False,False
4.030060992621664,0.656273564649673,0.48441034697450946,5.633844056569052e-07,5.649681769641379e-07,5.618006343496726e-07,32,False,False
4.061301775510204,0.6560206269408461,0.48403094041126915,1.3331870574082578e-06,1.3321236461575961e-06,1.3342504686589194e-06,32,False,False
4.092542558398744,0.6557770854002634,0.4836656281003951,1.4060241768059385e-06,1.4021731531886836e-06,1.4098752004231934e-06,32,False,False
4.123783341287284,0.6555413477873352,0.48331202168100273,7.070600962728715e-07,7.043833719607927e-07,7.097368205849505e-07,32,False,False
4.155024124175824,0.6552945211453614,0.48294178171804203,2.724868372369938e-07,2.734698477283957e-07,2.7150382674559194e-07,32,False,False
4.1862649070643645,0.6550282898955413,0.48254243484331194,8.703798938230325e-07,8.720678165710044e-07,8.686919710750604e-07,32,False,False
4.217505689952905,0.6547577127658365,0.48213656914875475,1.712768619012546e-06,1.7105937037750175e-06,1.7149435342500742e-06,32,False,False
4.248746472841444,0.6544992214871836,0.48174883223077547,1.5576098352436231e-06,1.5526615405047976e-06,1.5625581299824487e-06,32,False,False
4.279987255729984,0.6542458995107135,0.4813688492660704,6.705410527294316e-07,6.679866370384799e-07,6.730954684203832e-07,32,False,False
4.311228038618524,0.6539771694695983,0.4809657542043974,3.770663779440432e-07,3.7891149918192805e-07,3.752212567061584e-07,32,False,False
4.342468821507064,0.6536893145026612,0.4805339717539919,1.2823243219354073e-06,1.2838267577891265e-06,1.280821886081688e-06,32,False,False
4.3737096043956045,0.6534015208361823,0.4801022812542735,2.1188938918430753e-06,2.1152152403977365e-06,2.122572543288414e-06,32,False,False
4.404950387284145,0.6531276416533323,0.4796914624799984,1.6659367227616576e-06,1.659887715220132e-06,1.671985730303183e-06,32,False,False
4.436191170172685,0.6528551771230303,0.4792827656845454,6.245488094781508e-07,6.22455690501526e-07,6.266419284547755e-07,32,False,False
4.467431953061224,0.6525632937438199,0.4788449406157299,5.777915071848727e-07,5.806028800647576e-07,5.749801343049877e-07,32,False,False
4.498672735949764,0.6522538776994556,0.4783808165491835,1.8035904540612353e-06,1.8044736940525047e-06,1.8027072140699658e-06,32,False,False
4.529913518838304,0.6519492969722882,0.4779239454584323,2.529441536783779e-06,2.523861723997581e-06,2.5350213495699766e-06,32,False,False
4.5611543017268446,0.6516593067316329,0.47748896009744934,1.7204678950883932e-06,1.7134380835287664e-06,1.72749770664802e-06,32,False,False
4.592395084615385,0.6513660086209426,0.4770490129314139,5.91952277842107e-07,5.907406328687966e-07,5.931639228154174e-07,32,False,False
4.623635867503925,0.6510499659539,0.4765749489308499,9.077906953663308e-07,9.115500319793451e-07,9.040313587533164e-07,32,False,False
4.654876650392465,0.6507193340012143,0.4760790010018215,2.4287675938795696e-06,2.4284490071616447e-06,2.4290861805974945e-06,32,False,False
4.686117433281004,0.6503983125183116,0.4755974687774673,2.9182858790707245e-06,2.9104467073604526e-06,2.926125050780996e-06,32,False,False
4.717358216169544,0.6500911776989565,0.47513676654843484,1.7167035205849098e-06,1.7089703022903584e-06,1.724436738879461e-06,32,False,False
4.748598999058085,0.6497753021702289,0.47466295325534347,6.062399215432693e-07,6.06380278730773e-07,6.060995643557657e-07,32,False,False
4.779839781946625,0.6494344065629709,0.47415160984445637,1.3978155562420342e-06,1.4023216778955892e-06,1.3933094345884793e-06,32,False,False
4.811080564835165,0.6490831411218553,0.47362471168278303,3.1412778479808236e-06,3.1390393052156754e-06,3.1435163907459718e-06,32,False,False
4.842321347723705,0.6487458504489361,0.47311877567340416,3.2576139386921194e-06,3.2472507154951842e-06,3.267977161889055e-06,32,False,False
4.873562130612245,0.6484202279973892,0.4726303419960837,1.6592082531972938e-06,1.6512331814330673e-06,1.6671833249615204e-06,32,False,False
4.904802913500785,0.648080073701805,0.4721201105527074,7.111733450227222e-07,7.131317712455315e-07,7.09214918799913e-07,32,False,False
4.936043696389325,0.6477139933351669,0.4715709900027503,2.0715727639772323e-06,2.076383938855051e-06,2.0667615890994135e-06,32,False,False
4.967284479277865,0.6473428437032475,0.4710142655548712,3.913246990332708e-06,3.908269774277809e-06,3.9182242063876065e-06,32,False,False
4.998525262166405,0.6469891955336552,0.47048379330048273,3.5208998386047867e-06,3.507902821532356e-06,3.5338968556772175e-06,32,False,False
5.029766045054945,0.6466434626463246,0.46996519396948677,1.5647124910539085e-06,1.5571531623999802e-06,1.5722718197078368e-06,32,False,False
5.061006827943485,0.6462774743325688,0.46941621149885315,9.587411174552004e-07,9.628992401293387e-07,9.545829947810619e-07,32,False,False
5.092247610832025,0.6458862636648446,0.4688293954972669,2.940948323697373e-06,2.945337643179707e-06,2.9365590042150387e-06,32,False,False
5.1234883937205655,0.6454960544048906,0.46824408160733577,4.706792306271444e-06,4.6982147204217294e-06,4.715369892121157e-06,32,False,False
5.154729176609105,0.6451256302874114,0.4676884454311172,3.6864382592069877e-06,3.6709173798115354e-06,3.7019591386024404e-06,32,False,False
5.185969959497645,0.6447579434864422,0.4671369152296633,1.4648850556007406e-06,1.4585836328004974e-06,1.4711864784009838e-06,32,False,False
5.217210742386185,0.6443648155666243,0.4665472233499365,1.4051544546321342e-06,1.4117074615884309e-06,1.3986014476758377e-06,32,False,False
5.248451525274725,0.643948910066264,0.4659233650993959,4.001894973954335e-06,4.004829794744082e-06,3.998960153164589e-06,32,False,False
5.279692308163265,0.6435404342967052,0.46531065144505784,5.476679261495702e-06,5.4636758556426414e-06,5.489682667348762e-06,32,False,False
5.3109330910518056,0.6431524380786953,0.4647286571180429,3.7413548501142607e-06,3.723702359375707e-06,3.7590073408528142e-06,32,False,False
5.342173873940346,0.6427608193128952,0.46414122896934273,1.4081796864549538e-06,1.4041190883311512e-06,1.4122402845787562e-06,32,False,False
5.373414656828885,0.6423395902977468,0.4635093854466201,2.104952543235617e-06,2.1137937329328786e-06,2.096111353538356e-06,32,False,False
5.404655439717425,0.6418997690997745,0.46284965364966174,5.231747943123224e-06,5.231903232449097e-06,5.23159265379735e-06,32,False,False
5.435896222605965,0.6414736747522519,0.462210512128378,6.174138525048646e-06,6.156017822846401e-06,6.192259227250891e-06,32,False,False
5.467137005494505,0.6410669142582749,0.4616003713874123,3.685983660028117e-06,3.6669271694060047e-06,3.7050401506502293e-06,32,False,False
5.498377788383046,0.6406493591452529,0.46097403871787934,1.4600175181955945e-06,1.459237757891608e-06,1.460797278499581e-06,32,False,False
5.529618571271586,0.6401994878845683,0.46029923182685245,3.103702444930313e-06,3.1143082258253206e-06,3.093096664035305e-06,32,False,False
5.560859354160126,0.6397368046533654,0.459605206980048,6.588553254265457e-06,6.584365740717132e-06,6.5927407678137824e-06,32,False,False
5.592100137048666,0.6392934831177272,0.45894022467659085,6.751581714889181e-06,6.727897443594969e-06,6.775265986183392e-06,32,False,False
5.623340919937205,0.6388663855476662,0.45829957832149926,3.538364038842848e-06,3.518999824709599e-06,3.557728252976096e-06,32,False,False
5.6545817028257455,0.6384209864991743,0.45763147974876156,1.7005949678539836e-06,1.7040657729799767e-06,1.6971241627279903e-06,32,False,False
5.685822485714286,0.6379424019908161,0.4569136029862242,4.4301506415411045e-06,4.441484116758682e-06,4.4188171663235265e-06,32,False,False
5.717063268602826,0.6374580871136124,0.45618713067041855,8.012738573750631e-06,8.002504123416638e-06,8.022973024084623e-06,32,False,False
5.748304051491366,0.6369975743058826,0.45549636145882394,7.1679285934371015e-06,7.138597785765155e-06,7.197259401109048e-06,32,False,False
5.779544834379906,0.6365482372437523,0.45482235586562847,3.3384439718013622e-06,3.320237606882359e-06,3.3566503367203658e-06,32,False,False
5.810785617268446,0.6360733123033406,0.4541099684550109,2.2197606327395104e-06,2.2282127697235044e-06,2.2113084957555165e-06,32,False,False
5.8420264001569855,0.6355664304570133,0.45334964568552,6.08902948377632e-06,6.099482431716524e-06,6.078576535836115e-06,32,False,False
5.873267183045526,0.6350617704782366,0.452592655717355,9.431052747252658e-06,9.413064428743146e-06,9.44904106576217e-06,32,False,False
5.904507965934066,0.6345836701441517,0.45187550521622755,7.394383647229072e-06,7.359803010164005e-06,7.428964284294139e-06,32,False,False
5.935748748822606,0.6341099471003351,0.4511649206505027,3.1512562157581367e-06,3.1359957620872374e-06,3.1665166694290356e-06,32,False,False
5.966989531711146,0.6336041640869122,0.4504062461303684,3.108878480129282e-06,3.1226044648345787e-06,3.0951524954239855e-06,32,False,False
5.998230314599686,0.6330698671406163,0.44960480071092446,8.055744722477564e-06,8.06313627310087e-06,8.048353171854258e-06,32,False,False
6.029471097488226,0.6325460698497866,0.44881910477467996,1.0762461736225292e-05,1.0735181346825917e-05,1.0789742125624667e-05,32,False,False
6.060711880376766,0.6320495077884544,0.4480742616826815,7.4204851446831615e-06,7.381634524782638e-06,7.459335764583686e-06,32,False,False
6.091952663265306,0.6315491241204745,0.4473236861807118,3.0681584496383084e-06,3.0578457466063078e-06,3.078471152670309e-06,32,False,False
6.123193446153846,0.6310116092393002,0.4465174138589502,4.450102606862454e-06,4.468746687820812e-06,4.431458525904097e-06,32,False,False
6.154434229042386,0.6304511864012214,0.44567677960183216,1.02740889019557e-05,1.0275734190572884e-05,1.0272443613338513e-05,32,False,False
6.185675011930926,0.6299092419353903,0.44486386290308544,1.1925414416524851e-05,1.188766669307611e-05,1.1963162139973594e-05,32,False,False
6.216915794819466,0.6293928578590133,0.44408928678852,7.260292734518039e-06,7.218811036301427e-06,7.301774432734651e-06,32,False,False
6.248156577708007,0.6288635499688169,0.4432953249532253,3.2050340276715714e-06,3.201703496864013e-06,3.20836455847913e-06,32,False,False
6.279397360596547,0.6282939705386595,0.44244095580798926,6.304222115377773e-06,6.326587612224343e-06,6.281856618531202e-06,32,False,False
6.310638143485086,0.62770902162629,0.441563532439435,1.2657624523421006e-05,1.265047886497382e-05,1.266477018186819e-05,32,False,False
6.341878926373626,0.6271495711618241,0.44072435674273625,1.2845954590656294e-05,1.2797131074107448e-05,1.289477810720514e-05,32,False,False
6.373119709262166,0.6266115521813699,0.4399173282720547,6.958311014358029e-06,6.916525942842634e-06,7.000096085873424e-06,32,False,False
6.4043604921507065,0.6260512203743868,0.4390768305615802,3.6965629123852937e-06,3.702025613501726e-06,3.6911002112688615e-06,32,False,False
6.435601275039247,0.6254498327017007,0.4381747490525512,8.698692361942352e-06,8.722599525629017e-06,8.674785198255686e-06,32,False,False
6.466842057927787,0.6248421398651248,0.4372632097976871,1.5094912765995746e-05,1.5075787875447577e-05,1.5114037656543917e-05,32,False,False
6.498082840816327,0.6242653637472774,0.4363980456209161,1.3466179430014213e-05,1.340643752795954e-05,1.3525921332068887e-05,32,False,False
6.529323623704866,0.6237035202244415,0.43555528033666224,6.5945034154061255e-06,6.555393059372749e-06,6.633613771439503e-06,32,False,False
6.560564406593406,0.6231103837418063,0.4346655756127094,4.686020162013688e-06,4.701543381953104e-06,4.670496942074272e-06,32,False,False
6.5918051894819465,0.6224780394292306,0.433717059143846,1.1617857250622882e-05,1.1640085032395281e-05,1.1595629468850482e-05,32,False,False
6.623045972370487,0.6218494151607378,0.4327741227411067,1.7458089377272864e-05,1.7423929518921054e-05,1.749224923562467e-05,32,False,False
6.654286755259027,0.6212549515975133,0.43188242739627,1.3752801817330945e-05,1.3683243245991735e-05,1.3822360388670157e-05,32,False,False
6.685527538147567,0.6206668325497073,0.431000248824561,6.287274598144295e-06,6.254337760996392e-06,6.320211435292198e-06,32,False,False
6.716768321036107,0.6200395742841428,0.4300593614262142,6.3108754717935475e-06,6.336823647287477e-06,6.284927296299618e-06,32,False,False
6.748009103924646,0.6193776812164596,0.42906652182468935,1.4997201704813016e-05,1.5013540967140851e-05,1.498086244248518e-05,32,False,False
6.7792498868131865,0.6187298035264163,0.4280947052896245,1.9613922976450026e-05,1.9562122500625183e-05,1.9665723452274872e-05,32,False,False
6.810490669701727,0.6181167072045,0.4271750608067499,1.370561094921431e-05,1.3628421160898556e-05,1.3782800737530062e-05,32,False,False
6.841731452590267,0.6174997489291506,0.42624962339372596,6.1930471457825865e-06,6.1700628380426546e-06,6.2160314535225185e-06,32,False,False
6.872972235478807,0.6168376372961341,0.4252564559442012,8.685319358710998e-06,8.720797537658215e-06,8.64984117976378e-06,32,False,False
6.904213018367347,0.6161480750473985,0.4242221125710979,1.872305767877442e-05,1.8728492145592787e-05,1.8717623211956054e-05,32,False,False
6.935453801255887,0.615482322619946,0.42322348392991893,2.1436230614963618e-05,2.1364970553870678e-05,2.150749067605656e-05,32,False,False
6.966694584144427,0.6148490699062134,0.42227360485932014,1.3365609243369592e-05,1.3284135546653947e-05,1.3447082940085239e-05,32,False,False
6.997935367032967,0.6142007682817058,0.4213011524225587,6.50093675796246e-06,6.491602752939811e-06,6.51027076298511e-06,32,False,False
7.029176149921507,0.6135037447235073,0.4202556170852609,1.1881809147497406e-05,1.1924362284420914e-05,1.1839256010573898e-05,32,False,False
7.060416932810047,0.612788737895123,0.41918310684268456,2.2638327698164254e-05,2.2627343578881033e-05,2.2649311817447472e-05,32,False,False
7.091657715698587,0.6121060390275496,0.41815905854132435,2.2818649812448273e-05,2.272723024055895e-05,2.2910069384337593e-05,32,False,False
7.122898498587127,0.6114505829559451,0.4171758744339177,1.2822261393804805e-05,1.2741002334321352e-05,1.2903520453288258e-05,32,False,False
7.1541392814756675,0.6107686772942075,0.41615301594131116,7.421394346414383e-06,7.428851298264323e-06,7.413937394564443e-06,32,False,False
7.185380064364208,0.6100373998938022,0.41505609984070335,1.591436602893873e-05,1.595979197253804e-05,1.586894008533942e-05,32,False,False
7.216620847252747,0.6092993566592502,0.4139490349888753,2.6553855808906057e-05,2.652086496372988e-05,2.658684665408223e-05,32,False,False
7.247861630141287,0.6086000656533898,0.4129000984800845,2.3687050652873584e-05,2.357619538122579e-05,2.3797905924521376e-05,32,False,False
7.279102413029827,0.6079199399439891,0.41187990991598367,1.2218792398603199e-05,1.2143267061251759e-05,1.2294317735954639e-05,32,False,False
7.310343195918367,0.6072025945470378,0.41080389182055677,9.168478665440456e-06,9.19474824289028e-06,9.142209087990633e-06,32,False,False
7.3415839788069075,0.6064384311255081,0.4096576466882622,2.072655085199613e-05,2.0768879950126536e-05,2.0684221753865718e-05,32,False,False
7.372824761695448,0.6056797577088832,0.40851963656332474,3.0264223173776938e-05,3.0204070403559407e-05,3.0324375943994468e-05,32,False,False
7.404065544583988,0.6049635710434428,0.40744535656516406,2.4011206623353705e-05,2.3883316150214784e-05,2.4139097096492624e-05,32,False,False
7.435306327472527,0.6042560382920109,0.4063840574380165,1.1753935146637314e-05,1.1690400800495564e-05,1.1817469492779064e-05,32,False,False
7.466547110361067,0.6035020071675231,0.40525301075128456,1.1936598544738416e-05,1.198198874480332e-05,1.1891208344673514e-05,32,False,False
7.497787893249607,0.6027069748728672,0.4040604623093008,2.6186678676937623e-05,2.6218357196034712e-05,2.615500015784053e-05,32,False,False
7.5290286761381475,0.6019298794901552,0.40289481923523274,3.356616012166895e-05,3.3474675875739414e-05,3.365764436759849e-05,32,False,False
7.560269459026688,0.601195801614891,0.4017937024223363,2.381559038481048e-05,2.3674915548521962e-05,2.3956265221098995e-05,32,False,False
7.591510241915228,0.6004580368582998,0.40068705528744974,1.1678116304998661e-05,1.1633110285127429e-05,1.1723122324869893e-05,32,False,False
7.622751024803768,0.5996667974977901,0.39950019624668504,1.5873995131987947e-05,1.5936547759150044e-05,1.581144250482585e-05,32,False,False
7.653991807692308,0.5988434499990364,0.3982651749985546,3.209179686226399e-05,3.2104087498713546e-05,3.207950622581444e-05,32,False,False
7.685232590580847,0.5980497516871478,0.39707462753072165,3.627773663944546e-05,3.615229248575314e-05,3.6403180793137775e-05,32,False,False
7.7164733734693876,0.5972961167480099,0.3959441751220148,2.3188988043326692e-05,2.304169074717398e-05,2.3336285339479405e-05,32,False,False
7.747714156357928,0.5965254142480086,0.394788121372013,1.2282209494142415e-05,1.2261908406067983e-05,1.2302510582216846e-05,32,False,False
7.778954939246468,0.5956972579193347,0.39354588687900205,2.1056392636860683e-05,2.1131461734785756e-05,2.0981323538935607e-05,32,False,False
7.810195722135008,0.5948485256788395,0.39227278851825925,3.8180675681573874e-05,3.816425994180572e-05,3.819709142134203e-05,32,False,False
7.841436505023548,0.5940394841087998,0.3910592261631998,3.825674311958937e-05,3.8096768359829506e-05,3.8416717879349234e-05,32,False,False
7.872677287912088,0.5932640356726148,0.38989605350892215,2.229224194956582e-05,2.2146301783386933e-05,2.243818211574471e-05,32,False,False
7.903918070800628,0.5924580241947891,0.38868703629218376,1.3877584557896953e-05,1.3887001775600162e-05,1.3868167340193743e-05,32,False,False
7.935158853689168,0.5915940928568713,0.38739113928530694,2.7465084044801983e-05,2.7545134272309655e-05,2.7385033817294315e-05,32,False,False
7.966399636577708,0.5907230861533922,0.3860846292300883,4.415450722534656e-05,4.410024748739626e-05,4.420876696329687e-05,32,False,False
7.997640419466248,0.5898992678987337,0.3848489018481005,3.9417394361176655e-05,3.922481511685334e-05,3.960997360549998e-05,32,False,False
8.028881202354787,0.5890992940581428,0.3836489410872141,2.1362591444762523e-05,2.1227512210954984e-05,2.149767067857006e-05,32,False,False
8.060121985243327,0.588256144472887,0.3823842167093305,1.6767627591567477e-05,1.6809705546195555e-05,1.67255496369394e-05,32,False,False
8.091362768131868,0.5873584079428227,0.38103761191423396,3.497355222433362e-05,3.504825040751957e-05,3.489885404114768e-05,32,False,False
8.122603551020408,0.5864681961178055,0.3797022941767083,4.97029653386991e-05,4.960276407226661e-05,4.980316660513159e-05,32,False,False
8.153844333908948,0.5856293907627256,0.3784440861440883,3.9744983063707496e-05,3.952454691197866e-05,3.9965419215436325e-05,32,False,False
8.185085116797488,0.5848019073861656,0.3772028610792483,2.0712445775461196e-05,2.0598718819173372e-05,2.082617273174902e-05,32,False,False
8.216325899686028,0.5839205161024554,0.3758807741536831,2.121259892163977e-05,2.1287290077386205e-05,2.1137907765893336e-05,32,False,False
8.247566682574568,0.5829916874203841,0.37448753113057615,4.334591133768888e-05,4.340255326303986e-05,4.3289269412337896e-05,32,False,False
8.278807465463109,0.5820850707230287,0.3731276060845431,5.453256023967225e-05,5.4380243848442555e-05,5.468487663090194e-05,32,False,False
8.310048248351649,0.5812302668701695,0.3718454003052542,3.9308533224751514e-05,3.9067980324520824e-05,3.9549086124982204e-05,32,False,False
8.341289031240189,0.5803722375026301,0.37055835625394523,2.071990689408305e-05,2.063820386669073e-05,2.0801609921475372e-05,32,False,False
8.372529814128729,0.5794523702339757,0.36917855535096356,2.73917294276579e-05,2.7495190642145774e-05,2.7288268213170024e-05,32,False,False
8.40377059701727,0.5784957618871694,0.36774364283075406,5.2248610651464716e-05,5.22728831256788e-05,5.222433817725063e-05,32,False,False
8.43501137990581,0.5775750540998112,0.3663625811497169,5.839445609461417e-05,5.818661173273028e-05,5.860230045649806e-05,32,False,False
8.466252162794348,0.5767024808769986,0.36505372131549785,3.8271186174448254e-05,3.8021221228311766e-05,3.8521151120584734e-05,32,False,False
8.497492945682888,0.5758110583935601,0.36371658759034003,2.1808753601692217e-05,2.1768853010330267e-05,2.1848654193054168e-05,32,False,False
8.528733728571428,0.574853440872969,0.3622801613094534,3.536786756620043e-05,3.5491907418564574e-05,3.524382771383628e-05,32,False,False
8.559974511459968,0.5738727694937117,0.3608091542405675,6.127481712240703e-05,6.12518504028174e-05,6.129778384199666e-05,32,False,False
8.591215294348508,0.5729396098040892,0.3594094147061337,6.110954457815769e-05,6.084624672184941e-05,6.137284243446597e-05,32,False,False
8.622456077237048,0.5720468443789787,0.358070266568468,3.6897404599091124e-05,3.6651416134927466e-05,3.7143393063254776e-05,32,False,False
8.653696860125589,0.5711196170966324,0.3566794256449486,2.4416683553416728e-05,2.442618172604008e-05,2.4407185380793373e-05,32,False,False
8.684937643014129,0.570125962634271,0.3551889439514064,4.506074759927955e-05,4.5192658553180443e-05,4.4928836645378656e-05,32,False,False
8.716178425902669,0.5691251144735041,0.3536876717102561,6.997872845727754e-05,6.989435468405463e-05,7.006310223050044e-05,32,False,False
8.747419208791209,0.5681803257914324,0.35227048868714866,6.2589704339668e-05,6.227507893956034e-05,6.290432973977567e-05,32,False,False
8.77865999167975,0.5672644620206692,0.3508966930310037,3.5554930662193935e-05,3.532840029482116e-05,3.578146102956671e-05,32,False,False
8.80990077456829,0.5662996858780137,0.3494495288170206,2.8952726627491883e-05,2.9015639147067858e-05,2.8889814107915908e-05,32,False,False
8.84114155745683,0.5652726538163644,0.34790898072454657,5.62343375077819e-05,5.6357210874243444e-05,5.611146414132035e-05,32,False,False
8.87238234034537,0.5642554274247974,0.346383141137196,7.791565883141582e-05,7.775776657709913e-05,7.807355108573252e-05,32,False,False
8.90362312323391,0.563298935400507,0.34494840310076047,6.285505857916591e-05,6.249763935047627e-05,6.321247780785555e-05,32,False,False
8.934863906122448,0.5623568036537853,0.343535205480678,3.4708504748304073e-05,3.4518057755851646e-05,3.48989517407565e-05,32,False,False
8.966104689010988,0.5613536022477272,0.3420304033715908,3.5747261183747056e-05,3.586267383236608e-05,3.563184853512804e-05,32,False,False
8.997345471899528,0.5602966863055824,0.3404450294583737,6.850200324875493e-05,6.859556887403977e-05,6.840843762347008e-05,32,False,False
9.028586254788069,0.5592665319037535,0.33889979785563024,8.46831743418857e-05,8.444304092915043e-05,8.492330775462097e-05,32,False,False
9.059827037676609,0.5582973545480372,0.3374460318220558,6.204749595044152e-05,6.16603265957665e-05,6.243466530511652e-05,32,False,False
9.091067820565149,0.5573257783454225,0.3359886675181337,3.490193744611784e-05,3.4764013142166007e-05,3.5039861750069674e-05,32,False,False
9.122308603453689,0.5562842941100259,0.3344264411650389,4.500061845270742e-05,4.516158483545742e-05,4.483965206995742e-05,32,False,False
9.15354938634223,0.5552016450035874,0.33280246750538106,8.135048192619655e-05,8.139244431930194e-05,8.130851953309116e-05,32,False,False
9.18479016923077,0.5541614216257835,0.3312421324386753,8.995910212759558e-05,8.963259411530589e-05,9.028561013988525e-05,32,False,False
9.21603095211931,0.553177733990453,0.3297666009856794,6.044036292933633e-05,6.00407898620911e-05,6.0839935996581556e-05,32,False,False
9.24727173500785,0.5521738057535083,0.3282607086302624,3.672578794719283e-05,3.6654958197432307e-05,3.679661769695336e-05,32,False,False
9.27851251789639,0.5510952882835634,0.32664293242534503,5.673804905230624e-05,5.693094135454882e-05,5.654515675006366e-05,32,False,False
9.30975330078493,0.5499914805424058,0.3249872208136087,9.41805511402841e-05,9.414832387535302e-05,9.421277840521519e-05,32,False,False
9.34099408367347,0.5489432518837143,0.3234148778255714,9.353362036129879e-05,9.312217148591944e-05,9.394506923667813e-05,32,False,False
9.372234866562009,0.5479425242235115,0.3219137863352673,5.844313329276563e-05,5.8052222225867176e-05,5.883404435966409e-05,32,False,False
9.403475649450549,0.5469038804219816,0.3203558206329723,4.0769825245353216e-05,4.0776857956700276e-05,4.0762792534006155e-05,32,False,False
9.434716432339089,0.5457907017320128,0.3186860525980192,7.077922472986542e-05,7.098371718364073e-05,7.057473227609013e-05,32,False,False
9.465957215227629,0.5446704599220596,0.3170056898830896,0.0001063595758807735,0.00010623225962796565,0.00010648689213358138,32,False,False
9.49719799811617,0.5436153476768298,0.3154230215152447,9.53342964315527e-05,9.48455933787927e-05,9.58229994843127e-05,32,False,False
9.52843878100471,0.5425945495392238,0.3138918243088357,5.6598443025344494e-05,5.623994858441866e-05,5.695693746627033e-05,32,False,False
9.55967956389325,0.5415196248270538,0.31227943724058077,4.7562390839844216e-05,4.765223302413047e-05,4.747254865555796e-05,32,False,False
9.59092034678179,0.5403752161505229,0.31056282422578424,8.672921228800124e-05,8.691901194785823e-05,8.653941262814424e-05,32,False,False
9.62216112967033,0.5392431201633876,0.3088646802450814,0.00011727935454864421,0.000117039773276091,0.00011751893582119743,32,False,False
9.65340191255887,0.5381812297039453,0.30727184455591805,9.544439000428394e-05,9.489270974734084e-05,9.599607026122706e-05,32,False,False
9.68464269544741,0.5371370869219231,0.3057056303828846,5.556761125372559e-05,5.526644433815242e-05,5.586877816929877e-05,32,False,False
9.71588347833595,0.5360253276180749,0.3040379914271123,5.7502345153877395e-05,5.767226974884049e-05,5.73324205589143e-05,32,False,False
9.74712426122449,0.5348540378600283,0.3022810567900425,0.00010399486997088034,0.0001041392155539455,0.00010385052438781517,32,False,False
9.77836504411303,0.5337142301603567,0.3005713452405349,0.00012641249787132718,0.00012604910640753823,0.00012677588933511616,32,False,False
9.80960582700157,0.5326446577979059,0.29896698669685895,9.411521108925876e-05,9.352135475683849e-05,9.470906742167902e-05,32,False,False
9.840846609890109,0.5315739450389132,0.2973609175583698,5.610054425596753e-05,5.5880726053674e-05,5.6320362458261074e-05,32,False,False
9.87208739277865,0.5304259642537018,0.2956389463805526,7.079239478941589e-05,7.103059814508587e-05,7.055419143374592e-05,32,False,False
9.90332817566719,0.5292328463683972,0.2938492695525957,0.00012182664826848358,0.00012189249079335048,0.00012176080574361667,32,False,False
9.93456895855573,0.5280887653789474,0.29213314806842117,0.0001333617142007414,0.0001328702155150177,0.00013385321288646512,32,False,False
9.96580974144427,0.5270096899323535,0.2905145348985303,9.177279175900265e-05,9.116354997944677e-05,9.238203353855854e-05,32,False,False
9.99705052433281,0.5259095383695774,0.28886430755436615,5.8987043278570136e-05,5.8869210985096203e-05,5.910487557204406e-05,32,False,False
10.02829130722135,0.5247271983414022,0.2870907975121033,8.738457317332135e-05,8.766950831690692e-05,8.709963802973578e-05,32,False,False
10.05953209010989,0.5235177360947308,0.28527660414209616,0.0001393814413105447,0.00013933612152679497,0.00013942676109429442,32,False,False
10.09077287299843,0.5223718991342748,0.2835578487014123,0.0001378986755827052,0.000137283226455661,0.00013851412470974937,32,False,False
10.12201365588697,0.5212807535371881,0.2819211303057821,8.901749808362214e-05,8.842457072051069e-05,8.961042544673357e-05,32,False,False
10.15325443877551,0.5201489517301976,0.28022342759529634,6.498940841800148e-05,6.498803842899674e-05,6.499077840700621e-05,32,False,False
10.18449522166405,0.5189353631746267,0.27840304476194017,0.0001069484778249583,0.00010724915300300591,0.0001066478026469107,32,False,False
10.215736004552591,0.5177151567415249,0.27657273511228725,0.00015579870998246612,0.00015561287719449446,0.00015598454277043777,32,False,False
10.246976787441131,0.5165690126979737,0.2748535190469606,0.0001399915856431626,0.00013926550987923924,0.000140717661407086,32,False,False
10.278217570329671,0.5154627248900331,0.2731940873350495,8.661328520634715e-05,8.607157899279796e-05,8.715499141989636e-05,32,False,False
10.30945835321821,0.5142979907964093,0.2714469861946138,7.476028264251521e-05,7.488090450237109e-05,7.463966078265932e-05,32,False,False
10.34069913610675,0.5130574244786956,0.2695861367180434,0.00012887046778998568,0.00012914783269302377,0.00012859310288694756,32,False,False
10.37193991899529,0.5118318581892302,0.2677477872838453,0.00017028021898127113,0.00016993070738637324,0.000170629730576169,32,False,False
10.40318070188383,0.5106857248731004,0.26602858730965057,0.0001398224985650191,0.0001390084539141582,0.00014063654321588002,32,False,False
10.43442148477237,0.5095610116098701,0.26434151741480516,8.546177447056289e-05,8.500703094842486e-05,8.591651799270092e-05,32,False,False
10.46566226766091,0.5083632149454874,0.26254482241823124,8.875424054496724e-05,8.899100387309816e-05,8.851747721683634e-05,32,False,False
10.49690305054945,0.507100926868933,0.2606513903033995,0.00015228749490600027,0.00015249689337101113,0.00015207809644098938,32,False,False
10.52814383343799,0.5058748457377331,0.25881226860659967,0.0001821640135215412,0.00018163640896186504,0.00018269161808121738,32,False,False
10.55938461632653,0.5047279398594624,0.2570919097891936,0.00013779600385537807,0.00013692555467776957,0.00013866645303298658,32,False,False
10.590625399215071,0.5035816330180413,0.25537244952706184,8.655625018768226e-05,8.622202523775849e-05,8.689047513760605e-05,32,False,False
10.621866182103611,0.5023519495761913,0.25352792436428695,0.00010714538673637801,0.00010747938554682936,0.00010681138792592664,32,False,False
10.653106964992151,0.5010739281395232,0.25161089220928473,0.00017615358206628996,0.00017624809651649396,0.00017605906761608596,32,False,False
10.684347747880691,0.4998513507146179,0.24977702607192684,0.00019098544658337338,0.00019027612885104295,0.0001916947643157038,32,False,False
10.715588530769232,0.49870191065522734,0.24805286598284104,0.00013453994149897924,0.00013365247773615166,0.0001354274052618068,32,False,False
10.74682931365777,0.49753129308918204,0.24629693963377305,9.091257566561878e-05,9.072670083682407e-05,9.109845049441349e-05,32,False,False
10.77807009654631,0.4962722762587887,0.2444084143881831,0.00012976506508923928,0.00013016379815028887,0.0001293663320281897,32,False,False
10.80931087943485,0.4949849268321162,0.24247739024817433,0.0001993313703782319,0.00019926574980672933,0.0001993969909497345,32,False,False
10.84055166232339,0.4937688201601114,0.24065323024016722,0.0001965214948401445,0.00019563901038672997,0.00019740397929355903,32,False,False
10.87179244521193,0.49261431388549454,0.23892147082824175,0.00013089662691298954,0.00013003755448647207,0.00013175569933950704,32,False,False
10.90303322810047,0.4914174410090908,0.2371261615136362,9.947801997845754e-05,9.945881214226707e-05,9.949722781464799e-05,32,False,False
10.93427401098901,0.49013300045569047,0.23519950068353573,0.0001560727950680555,0.00015649103771275247,0.00015565455242335852,32,False,False
10.965514793877551,0.48884278953750787,0.23326418430626186,0.00022069701153810354,0.0002204317898909724,0.00022096223318523472,32,False,False
10.996755576766091,0.48763492748085874,0.23145239122128816,0.00019881813331690615,0.00019778381707650676,0.0001998524495573055,32,False,False
11.027996359654631,0.486472331041718,0.229708496562577,0.00012790053749435379,0.00012711866813043426,0.00012868240685827333,32,False,False
11.059237142543171,0.48524831482600134,0.22787247223900192,0.00011302442752100626,0.00011317704926387208,0.00011287180577814046,32,False,False
11.090477925431712,0.4839435982280351,0.22591539734205263,0.00018516955078826266,0.0001855517429625991,0.00018478735861392618,32,False,False
11.121718708320252,0.4826566847588773,0.2239850271383159,0.00023924498767221336,0.00023875037872063998,0.00023973959662378674,32,False,False
11.152959491208792,0.48145760393965903,0.2221864059094886,0.00019820303691894093,0.00019705084217300578,0.00019935523166487608,32,False,False
11.184200274097332,0.4802837306182403,0.2204255959273604,0.0001267367032849651,0.00012608081419737208,0.0001273925923725581,32,False,False
11.21544105698587,0.47903296437229975,0.21854944655844966,0.00013203783259953017,0.00013235130620478796,0.0001317243589942724,32,False,False
11.24668183987441,0.4777141451816789,0.21657121777251837,0.0002158560368851767,0.00021614008079371024,0.00021557199297664314,32,False,False
11.27792262276295,0.47643602978098026,0.21465404467147045,0.0002541806276622281,0.00025343982688808366,0.00025492142843637245,32,False,False
11.309163405651491,0.47524508888558364,0.2128676333283755,0.00019528646255601766,0.00019406196616461404,0.00019651095894742125,32,False,False
11.340404188540031,0.47405694547865274,0.21108541821797916,0.00012867432951972315,0.00012818895969966018,0.0001291596993397861,32,False,False
11.371644971428571,0.47278125060979276,0.2091718759146891,0.00015662087988190405,0.00015706628654687686,0.00015617547321693126,32,False,False
11.402885754317111,0.4714552326904191,0.2071828490356287,0.00024673108676417585,0.0002468532361486797,0.00024660893737967203,32,False,False
11.434126537205652,0.47019045587821884,0.20528568381732823,0.0002649916474430996,0.00026400326387927294,0.00026598003100692627,32,False,False
11.465367320094192,0.4690059948962198,0.2035089923443297,0.0001909517584088563,0.00018971029343144063,0.00019219322338627197,32,False,False
11.496608102982732,0.4678011399694824,0.20170170995422365,0.00013497300227081053,0.00013469369962577153,0.00013525230491584955,32,False,False
11.527848885871272,0.4665038197786304,0.19975572966794564,0.00018642591983932297,0.00018695624860055315,0.00018589559107809282,32,False,False
11.559089668759812,0.4651778780398581,0.19776681705978713,0.00027631826922563105,0.000276218624165838,0.00027641791428542406,32,False,False
11.590330451648352,0.46392979531988815,0.19589469297983217,0.00027149504454994323,0.0002702744974911714,0.000272715591608715,32,False,False
11.621571234536892,0.4627493828141958,0.1941240742212937,0.0001863339275352296,0.00018513777770604723,0.00018753007736441196,32,False,False
11.652812017425433,0.4615262615941233,0.19228939239118492,0.00014676429289749323,0.00014671270352470406,0.00014681588227028242,32,False,False
11.684052800313971,0.4602120524239541,0.19031807863593111,0.00022063423284933342,0.0002211861753707181,0.00022008229032794875,32,False,False
11.715293583202511,0.4588934360828558,0.1883401541242838,0.0003032042226366843,0.0003028322543686852,0.0003035761909046835,32,False,False
11.746534366091051,0.45766409143046816,0.18649613714570223,0.00027386028976986133,0.0002724401043827363,0.00027528047515698633,32,False,False
11.777775148979591,0.45648484087842256,0.1847272613176338,0.00018278158845051956,0.00018169618913968516,0.000183866987761354,32,False,False
11.809015931868132,0.45524307263740393,0.18286460895610585,0.00016491835460827892,0.00016509771229431832,0.00016473899692223952,32,False,False
11.840256714756672,0.45391798928861404,0.18087698393292106,0.0002579908825056939,0.00025848862042597727,0.00025749314458541056,32,False,False
11.871497497645212,0.4526135202746168,0.17892028041192523,0.0003261708651747327,0.00032549040143640246,0.000326851328913063,32,False,False
11.902738280533752,0.45140363051968624,0.17710544577952936,0.0002726129539594765,0.00027104195145493775,0.0002741839564640152,32,False,False
11.933979063422292,0.4502225619587467,0.17533384293812002,0.00018179563172150974,0.00018088478720712235,0.00018270647623589713,32,False,False
11.965219846310832,0.44896315779310975,0.17344473668966467,0.00018991196357944244,0.00019030364543473572,0.00018952028172414915,32,False,False
11.996460629199373,0.4476342383244652,0.17145135748669782,0.0002968956976690425,0.00029725644109426206,0.00029653495424382284,32,False,False
12.027701412087913,0.4463499401384679,0.16952491020770186,0.00034430627856028037,0.00034329947440598323,0.00034531308271457746,32,False,False
12.058942194976453,0.44515899240902196,0.16773848861353288,0.00026862320627462114,0.00026696460017252037,0.00027028181237672186,32,False,False
12.090182977864993,0.4439734129256905,0.1659601193885357,0.00018493877148292057,0.00018425903221449554,0.00018561851075134557,32,False,False
12.121423760753531,0.4426989049591002,0.16404835743865034,0.0002217187965829412,0.00022228061445714385,0.00022115697870873853,32,False,False
12.152664543642071,0.44137386914576515,0.16206080371864773,0.0003355413758992945,0.0003356821414257972,0.0003354006103727919,32,False,False
12.183905326530612,0.4401146606001731,0.1601719909002597,0.0003570842781083319,0.0003557542503942431,0.0003584143058224207,32,False,False
12.215146109419152,0.43894111455537166,0.15841167183305752,0.00026308163538221963,0.00026141002811928566,0.0002647532426451536,32,False,False
12.246386892307692,0.43774899053662836,0.15662348580494254,0.00019371403963170045,0.00019330857643473404,0.00019411950282866686,32,False,False
12.277627675196232,0.4364634577830427,0.154695186674564,0.00025974354847248173,0.00026041031864234686,0.00025907677830261654,32,False,False
12.308868458084772,0.435150303044671,0.15272545456700654,0.0003720811846475051,0.00037192610538084025,0.00037223626391417,32,False,False
12.340109240973312,0.43391978615975074,0.1508796792396261,0.0003644096048086864,0.0003627815773132908,0.0003660376323040821,32,False,False
12.371350023861853,0.43276136378652236,0.14914204567978354,0.00025746080231798824,0.00025585805646701626,0.00025906354816896017,32,False,False
12.402590806750393,0.431561658573895,0.14734248786084253,0.0002094174088221292,0.00020930993917820512,0.00020952487846605329,32,False,False
12.433831589638933,0.43027064057762826,0.1454059608664424,0.0003028171209721488,0.00030350379861819214,0.00030213044332610544,32,False,False
12.465072372527473,0.42897720758211744,0.14346581137317613,0.0004048040493264966,0.0004042914293397283,0.0004053166693132649,32,False,False
12.496313155416013,0.42777757013581047,0.14166635520371573,0.0003666315475520571,0.0003647524935450245,0.0003685106015590897,32,False,False
12.527553938304553,0.4266316091908327,0.13994741378624914,0.0002534572201979598,0.00025200719529558797,0.0002549072451003317,32,False,False
12.558794721193093,0.42542456154497704,0.13813684231746565,0.00023297797793632772,0.0002331674872316445,0.00023278846864101095,32,False,False
12.590035504081632,0.42413485860575983,0.13620228790863975,0.00034926166379232397,0.00034986898002634873,0.00034865434755829925,32,False,False
12.621276286970172,0.4228684046651587,0.13430260699773797,0.00043229439537711685,0.0004313827705060514,0.00043320602024818225,32,False,False
12.652517069858712,0.4217004464691258,0.1325506697036887,0.0003645325581921122,0.0003624694084523874,0.00036659570793183706,32,False,False
12.683757852747252,0.4205642897645898,0.13084643464688467,0.0002529063382163312,0.0002516885703636716,0.00025412410606899077,32,False,False
12.714998635635792,0.4193516110075593,0.12902741651133892,0.000264806936423019,0.000265264032887012,0.000264349839959026,32,False,False
12.746239418524333,0.4180709793976701,0.12710646909650508,0.0003970226192383257,0.00039744477959848424,0.0003966004588781671,32,False,False
12.777480201412873,0.41683779965470674,0.1252566994820601,0.00045355859332163483,0.0004522312221064652,0.00045488596453680446,32,False,False
12.808720984301413,0.41570107933962736,0.12355161900944102,0.0003592985148032805,0.0003571350149786845,0.00036146201462787644,32,False,False
12.839961767189953,0.4145724706959089,0.12185870604386345,0.00025766464419110856,0.00025674721497146797,0.0002585820734107491,32,False,False
12.871202550078493,0.41335744181619133,0.12003616272428701,0.0003046808634990797,0.00030534655695022765,0.0003040151700479317,32,False,False
12.902443332967033,0.41209420319675943,0.11814130479513918,0.00044385315482215783,0.0004439868274139866,0.000443719482230329,32,False,False
12.933684115855574,0.4108993366388556,0.1163490049582834,0.0004681075026047054,0.0004663749391433528,0.00046984006606605797,32,False,False
12.964924898744114,0.40979242431625745,0.11468863647438615,0.0003524742879536875,0.00035030656268924014,0.0003546420132181349,32,False,False
12.996165681632654,0.4086698825593405,0.11300482383901077,0.0002694584010859977,0.0002688904763705496,0.00027002632580144575,32,False,False
13.027406464521192,0.40745733740288537,0.11118600610432808,0.00035168422929262525,0.0003524717086167753,0.00035089674996847514,32,False,False
13.058647247409732,0.4062199324147728,0.10932989862215918,0.0004875269935747665,0.00048728060221292285,0.0004877733849366102,32,False,False
13.089888030298273,0.40506698187038337,0.10760047280557501,0.00047599339600304245,0.0004738940321386906,0.00047809275986739427,32,False,False
13.121128813186813,0.4039877940251904,0.10598169103778561,0.000345903409377815,0.00034383426381173933,0.00034797255494389075,32,False,False
13.152369596075353,0.4028709381265007,0.10430640718975102,0.00028970713388666255,0.0002895119039953904,0.0002899023637779346,32,False,False
13.183610378963893,0.4016671256813658,0.10250068852204874,0.0004042294671123081,0.0004050290846047667,0.00040342984961984953,32,False,False
13.214851161852433,0.40046365062997497,0.1006954759449624,0.0005260509476623292,0.000525353237638875,0.0005267486576857833,32,False,False
13.246091944740973,0.39935473403356897,0.09903210105035344,0.00047780707491345794,0.00047540572508241255,0.0004802084247445033,32,False,False
13.277332727629513,0.3983009212576911,0.09745138188653672,0.00034164594053640127,0.00033977795410182097,0.0003435139269709815,32,False,False
13.308573510518054,0.3971907220684257,0.09578608310263857,0.0003193399605538453,0.00031950890811779627,0.0003191710129898944,32,False,False
13.339814293406594,0.396003050153066,0.0940045752295991,0.00046016121643710115,0.0004608484279693307,0.0004594740049048717,32,False,False
13.371055076295134,0.39484082088198996,0.09226123132298497,0.0005578499404895594,0.0005566569069637132,0.0005590429740154056,32,False,False
13.402295859183674,0.39377665703862,0.09066498555793005,0.00047464477299145413,0.00047202947819065743,0.0004772600677922508,32,False,False
13.433536642072214,0.39274601277709387,0.08911901916564076,0.0003418668548067421,0.00034029443429095405,0.0003434392753225302,32,False,False
13.464777424960754,0.3916449497791876,0.08746742466878141,0.0003586308786286238,0.0003591203657090286,0.000358141391548219,32,False,False
13.496018207849293,0.390481623886225,0.08572243582933746,0.0005169372189428967,0.0005173827637945122,0.0005164916740912813,32,False,False
13.527258990737833,0.389366810814397,0.08405021622159553,0.000581903810616177,0.0005802033384808468,0.0005836042827515071,32,False,False
13.558499773626373,0.38834692884636324,0.08252039326954484,0.00046805432957411797,0.0004653315743255796,0.0004707770848226564,32,False,False
13.589740556514913,0.38733778758494597,0.08100668137741894,0.00034868927817372907,0.00034749004631538544,0.0003498885100320727,32,False,False
13.620981339403453,0.3862498931321135,0.07937483969817032,0.0004070831781275671,0.00040781422245692966,0.0004063521337982045,32,False,False
13.652222122291994,0.38511947669175733,0.07767921503763592,0.000571864163296607,0.0005719453953866238,0.0005717829312065902,32,False,False
13.683462905180534,0.3840568488699317,0.07608527330489757,0.0005978258516562277,0.0005956397423902102,0.0006000119609222453,32,False,False
13.714703688069074,0.38307989862513603,0.07461984793770407,0.0004599656248600247,0.0004572541263820927,0.00046267712333795664,32,False,False
13.745944470957614,0.38209149389539965,0.07313724084309949,0.0003640141603043166,0.00036324033071151245,0.00036478798989712075,32,False,False
13.777185253846154,0.3810222733797475,0.07153341006962127,0.00046339014732780354,0.0004642519342107738,0.0004625283604448333,32,False,False
13.808426036734694,0.3799332073931212,0.0698998110896818,0.0006223571212891178,0.000621969205011389,0.0006227450375668465,32,False,False
13.839666819623234,0.37892601183216573,0.06838901774824861,0.0006058836889130707,0.0006032670650759084,0.0006085003127502328,32,False,False
13.870907602511775,0.3779901442657747,0.06698521639866206,0.00045260454246733056,0.00045002773974308323,0.0004551813451915779,32,False,False
13.902148385400315,0.37702289957612245,0.06553434936418365,0.0003893178940178449,0.00038898855549063287,0.00038964723254505696,32,False,False
13.933389168288855,0.3759791245865906,0.06396868687988591,0.0005254901242711602,0.0005263473106659054,0.0005246329378764151,32,False,False
13.964629951177393,0.3749392530758666,0.06240887961379991,0.0006661871355817877,0.0006652528378450481,0.0006671214333185273,32,False,False
13.995870734065933,0.37398924022841085,0.060983860342616325,0.000606972144637698,0.0006040104570915828,0.0006099338321838132,32,False,False
14.027111516954474,0.3730925226432793,0.059638783964919,0.00044838411799686534,0.0004460615197855699,0.0004507067162081608,32,False,False
14.058352299843014,0.3721482515849573,0.05822237737743601,0.00042545079199102784,0.0004255462057883209,0.0004253553781937348,32,False,False
14.089593082731554,0.37113763457911575,0.05670645186867363,0.0005907186971793321,0.0005914219920110696,0.0005900154023475945,32,False,False
14.120833865620094,0.3701537854266817,0.05523067814002257,0.0007016854585169668,0.00070016249532681,0.0007032084217071235,32,False,False
14.152074648508634,0.36926137505529016,0.053892062582935205,0.0006025514953653646,0.0005993554751830485,0.0006057475155476807,32,False,False
14.183315431397174,0.3684022056933189,0.05260330853997825,0.000449765076572288,0.00044780276171166577,0.00045172739143291014,32,False,False
14.214556214285714,0.3674842012568769,0.051226301885315434,0.000472467348594909,0.00047292636481280364,0.00047200833237701426,32,False,False
14.245796997174255,0.3665149738506748,0.04977246077601218,0.0006560441001649774,0.0006564430657743795,0.0006556451345555753,32,False,False
14.277037780062795,0.3655926408651226,0.048388961297683844,0.0007278823578291662,0.0007257676292965682,0.0007299970863617641,32,False,False
14.308278562951335,0.3647572074044929,0.047135811106739325,0.0005945636433872357,0.0005912625476981714,0.0005978647390763001,32,False,False
14.339519345839875,0.3639346960307288,0.04590204404609324,0.00045908100356538027,0.00045756180384311836,0.0004606002032876422,32,False,False
14.370760128728415,0.3630476945390703,0.044571541808605446,0.000529522080291308,0.0005302435520671251,0.0005288006085154909,32,False,False
14.402000911616954,0.3621281253399471,0.043192188009920696,0.00071835612776992,0.0007183127577128076,0.0007183994978270325,32,False,False
14.433241694505494,0.3612712867651642,0.04190693014774625,0.0007445719910493617,0.0007419024721734818,0.0007472415099252416,32,False,False
14.464482477394034,0.3604915318579487,0.040737297786923046,0.000585332983565393,0.0005820664286665899,0.0005885995384641961,32,False,False
14.495723260282574,0.3597058164601414,0.03955872469021208,0.0004783321290128688,0.0004773063194013376,0.0004793579386243999,32,False,False
14.526964043171114,0.3588558294579087,0.0382837441868631,0.0005948593295456319,0.0005957079456929197,0.000594010713398344,32,False,False
14.558204826059654,0.35799372887616926,0.03699059331425392,0.0007747692183167229,0.0007741706965579172,0.0007753677400755286,32,False,False
14.589445608948195,0.35720482140042004,0.03580723210063011,0.0007523078582391846,0.0007491583028563384,0.0007554574136220309,32,False,False
14.620686391836735,0.35647919481460727,0.03471879222191089,0.0005774516610725213,0.000574360290572318,0.0005805430315727243,32,False,False
14.651927174725275,0.3557316684229191,0.03359750263437861,0.0005089633296787343,0.0005084409145163691,0.0005094857448410993,32,False,False
14.683167957613815,0.3549256870660639,0.03238853059909583,0.0006659128081861523,0.0006667291421196699,0.0006650964742526347,32,False,False
14.714408740502355,0.35412795285271237,0.03119192927906856,0.0008228982699323728,0.0008216674370824796,0.0008241291027822658,32,False,False
14.745649523390895,0.353408001223762,0.03011200183564297,0.0007523431360093708,0.0007488210230553114,0.0007558652489634302,32,False,False
14.776890306279435,0.35273512973051474,0.029102694595772076,0.0005736429887539463,0.0005708582561531508,0.0005764277213547418,32,False,False
14.808131089167976,0.35202855561419216,0.028042833421288185,0.0005516538300314099,0.0005515996453535865,0.0005517080147092332,32,False,False
14.839371872056516,0.3512741462064375,0.02691121930965621,0.0007395124244014969,0.0007401263238727769,0.000738898524930217,32,False,False
14.870612654945054,0.3505464024181976,0.025819603627296354,0.0008610723167207067,0.000859174731624114,0.0008629699018172993,32,False,False
14.901853437833594,0.3498952863010725,0.02484292945160875,0.0007465339803838686,0.0007427722499792747,0.0007502957107884624,32,False,False
14.933094220722134,0.34927437221788454,0.02391155832682674,0.0005765953500384669,0.0005742288450282049,0.0005789618550487289,32,False,False
14.964335003610675,0.3486128710678605,0.022919306601790767,0.0006061539114138928,0.000606486671391389,0.0006058211514363967,32,False,False
14.995575786499215,0.3479176958046821,0.021876543707023213,0.000812176412440128,0.0008124222757163012,0.0008119305491639549,32,False,False
15.026816569387755,0.34726406865543785,0.02089610298315678,0.0008884643560224852,0.0008859113546911831,0.0008910173573537873,32,False,False
15.058057352276295,0.3466808934261369,0.020021340139205295,0.000737221435041463,0.000733369549911245,0.0007410733201716809,32,False,False
15.089298135164835,0.3461120488277401,0.019168073241610233,0.0005887633864043983,0.0005868963883439166,0.00059063038446488,32,False,False
15.120538918053375,0.3455009491881336,0.01825142378220049,0.0006712045091503637,0.0006718005683226165,0.0006706084499781108,32,False,False
15.151779700941916,0.34487226016316685,0.01730839024475026,0.0008804505902190699,0.0008801827184350923,0.0008807184620030474,32,False,False
15.183020483830456,0.3442953177281666,0.016442976592249945,0.0009051318052087033,0.0009019795058573723,0.0009082841045600343,32,False,False
15.214261266718996,0.3437788465242422,0.015668269786363296,0.0007271006143985471,0.0007233144023859959,0.0007308868264110982,32,False,False
15.245502049607536,0.3432633341747969,0.014895001262195314,0.000612143101776833,0.0006108173384628398,0.0006134688650908263,32,False,False
15.276742832496076,0.34270888842891006,0.014063332643365093,0.0007445674501895291,0.0007452694562000508,0.0007438654441790073,32,False,False
15.307983615384616,0.34215305214795855,0.013229578221937786,0.0009412475400755985,0.0009403537083692003,0.0009421413717819966,32,False,False
15.339224398273155,0.3416539139141606,0.012480870871240942,0.0009119772817266318,0.0009083219444114449,0.0009156326190418187,32,False,False
15.370465181161695,0.34120301488673704,0.011804522330105507,0.0007190772143729961,0.0007155078872915408,0.0007226465414544513,32,False,False
15.401705964050235,0.34074337226948814,0.011115058404232193,0.000648040517105243,0.0006472513345010243,0.0006488296997094617,32,False,False
15.432946746938775,0.34025235495368933,0.010378532430533985,0.0008231777010467556,0.0008238075733361455,0.0008225478287573657,32,False,False
15.464187529827315,0.3397744661296241,0.009661699194436124,0.0009921393260604993,0.00099055098740305,0.0009937276647179487,32,False,False
15.495428312715855,0.3393530666062465,0.009029599909369742,0.0009106494293435475,0.0009066198713452313,0.0009146789873418637,32,False,False
15.526669095604396,0.338967131112331,0.008450696668496542,0.0007161052664788378,0.0007128880408922107,0.0007193224920654649,32,False,False
15.557909878492936,0.3385671598879449,0.00785073983191729,0.0006968652982952137,0.000696558494172654,0.0006971721024177735,32,False,False
15.589150661381476,0.33814638182025764,0.0072195727303863855,0.0009034079977602969,0.0009037829332778593,0.0009030330622427345,32,False,False
15.620391444270016,0.3377500173441373,0.006625026016205952,0.0010315673141586127,0.0010292653759795436,0.0010338692523376818,32,False,False
15.651632227158556,0.33740548936236947,0.0061082340435541825,0.0009034066787346501,0.0008991545480941177,0.0009076588093751824,32,False,False
15.682873010047096,0.3370847818495097,0.0056271727742645,0.0007209989815205256,0.0007182418802443194,0.0007237560827967318,32,False,False
15.714113792935636,0.33674939303514345,0.005124089552715144,0.0007579875161040052,0.0007580608716971442,0.0007579141605108663,32,False,False
15.745354575824177,0.336405180795681,0.004607771193521531,0.000981414974437361,0.000981364616526612,0.0009814653323481101,32,False,False
15.776595358712715,0.3360923280673982,0.004138492101097263,0.0010589495390792383,0.0010559653096987808,0.0010619337684596955,32,False,False
15.807836141601255,0.3358234587746897,0.003735188162034544,0.0008929627841705351,0.0008886514433320982,0.000897274125008972,32,False,False
15.839076924489795,0.3355693655928543,0.003354048389281448,0.0007362172131319546,0.0007339908732915825,0.0007384435529723268,32,False,False
15.870317707378335,0.33530428193529604,0.0029564229029440912,0.0008296937287443583,0.0008300037668008184,0.0008293836906878983,32,False,False
15.901558490266876,0.3350419840315196,0.002562976047279377,0.0010535199756344454,0.0010529026208798327,0.0010541373303890578,32,False,False
15.932799273155416,0.33481315474311374,0.0022197321146706275,0.001074685068656537,0.0010710966116342956,0.0010782735256787783,32,False,False
15.964040056043956,0.334618861984443,0.0019282929766644783,0.0008823243562439869,0.0008781170098462816,0.000886531702641692,32,False,False
15.995280838932496,0.33443401305232184,0.001651019578482799,0.0007636301956146165,0.0007619597645205014,0.0007653006267087316,32,False,False
16.026521621821036,0.3342453451710221,0.0013680177565331966,0.0009092670777170867,0.0009096408427684955,0.0009088933126656781,32,False,False
16.057762404709575,0.3340689299429236,0.001103394914385379,0.0011165709455525483,0.0011152867722448161,0.0011178551188602804,32,False,False
16.089003187598117,0.33392344528376455,0.0008851679256468577,0.0010800713082036435,0.001075995939291455,0.0010841466771158322,32,False,False
16.120243970486655,0.3338032233038686,0.0007048349558028406,0.0008746210263374066,0.0008706686394899857,0.0008785734131848274,32,False,False
16.151484753375197,0.3336914676404621,0.0005372014606931792,0.0008042916971394021,0.0008031520417067255,0.0008054313525720789,32,False,False
16.182725536263735,0.33358519849260143,0.00037779773890216144,0.000993196589284835,0.0009934474215380375,0.0009929457570316321,32,False,False
16.213966319152277,0.33349700213243927,0.0002455031986588475,0.0011682359665239257,0.0011662357259877181,0.0011702362070601334,32,False,False
16.245207102040816,0.3334334128446041,0.00015011926690612284,0.0010771601985553108,0.0010727441368614807,0.0010815762602491411,32,False,False
16.276447884929357,0.33338770213321506,8.155319982263157e-05,0.0008729223993487677,0.0008693519687028885,0.0008764928299946469,32,False,False
16.307688667817896,0.3333539268259355,3.089023890318275e-05,0.000858251080938585,0.0008575664553680094,0.0008589357065091605,32,False,False
16.338929450706438,0.3333353572672449,3.0359008673890044e-06,0.001077497439342248,0.001077442976462118,0.0010775519022223783,32,False,False
16.370170233594976,0.3333360229572591,4.034435888684324e-06,0.0012071931329637822,0.001204481446286923,0.0012099048196406413,32,False,False
16.401411016483518,0.33335261171355346,2.8917570330208476e-05,0.0010685808758264278,0.001063987114817856,0.0010731746368349995,32,False,False
16.432651799372056,0.33338305585085065,7.458377627594938e-05,0.0008800356717811092,0.0008769395498453341,0.0008831317937168844,32,False,False
16.463892582260595,0.33343284974839277,0.0001492746225891676,0.0009244443597815895,0.0009240933026275211,0.0009247954169356577,32,False,False
16.495133365149137,0.3335060722695251,0.0002591084042876523,0.0011581023111693475,0.0011575824780413883,0.0011586221442973067,32,False,False
16.526374148037675,0.3335946958716915,0.0003920438075372597,0.0012332016187896686,0.0012298348075352413,0.001236568430044096,32,False,False
16.557614930926217,0.33369000208194294,0.0005350031229144648,0.0010573505209729784,0.0010527458795935947,0.001061955162352362,32,False,False
16.588855713814755,0.33379956285775564,0.0006993442866334318,0.0008982843714642544,0.0008957115559487822,0.0009008571869797264,32,False,False
16.620096496703297,0.33393874215907765,0.000908113238616457,0.0010006984227410513,0.0010005240009227855,0.001000872844559317,32,False,False
16.651337279591836,0.33410621587014205,0.0011593238052131347,0.001231269395460604,0.0012301620524669207,0.0012323767384542872,32,False,False
16.682578062480378,0.3342806844432638,0.0014210266648957005,0.0012470600199944544,0.0012431391030399332,0.0012509809369489755,32,False,False
16.713818845368916,0.33445399260146336,0.0016809889021950832,0.0010466847100201859,0.0010422268623322983,0.0010511425577080737,32,False,False
16.745059628257458,0.3346469029992032,0.0019703544988047775,0.000929280604221295,0.0009272310845878947,0.0009313301238546952,32,False,False
16.776300411145996,0.3348809354876368,0.002321403231455259,0.001083867676079975,0.0010836923603265234,0.0010840429918334265,32,False,False
16.80754119403454,0.3351432297189971,0.0027148445784956547,0.0012939490022920636,0.0012921812503043054,0.0012957167542798221,32,False,False
16.838781976923077,0.33540071208602135,0.0031010681290320388,0.001250474980619665,0.0012461349598752295,0.0012548150013641005,32,False,False
16.87002275981162,0.33565245194988513,0.0034786779248277225,0.001039808031839743,0.0010356331994261913,0.0010439828642532947,32,False,False
16.901263542700157,0.33593399583341643,0.003900993750124636,0.000973716545937017,0.000972139820685989,0.0009752932711880449,32,False,False
16.932504325588695,0.3362673811942894,0.00440107179143408,0.0011701000466824494,0.00116974366274758,0.0011704564306173188,32,False,False
16.963745108477237,0.3366231367247802,0.004934705087170344,0.0013440591505228042,0.0013416129649889519,0.0013465053360566567,32,False,False
16.994985891365776,0.3369606654809442,0.005440998221416287,0.001245871933667873,0.0012412687124654302,0.001250475154870316,32,False,False
17.026226674254318,0.3372926826373696,0.005939023956054353,0.001039759409398956,0.0010359713966683266,0.0010435474221295855,32,False,False
17.057467457142856,0.33766880203838573,0.006503203057578553,0.0010312106921141135,0.001030009330132609,0.0010324120540956179,32,False,False
17.088708240031398,0.3381044830807926,0.007156724621188935,0.001255204859964267,0.0012545034094916475,0.0012559063104368863,32,False,False
17.119949022919936,0.33855061114263224,0.007825916713948413,0.0013806384363060156,0.001377550172772099,0.0013837266998399322,32,False,False
17.151189805808478,0.33896568600793325,0.008448529011899882,0.001236179621055182,0.0012314758735950222,0.0012408833685153416,32,False,False
17.182430588697017,0.33938135201609665,0.009072028024145003,0.0010491868130644935,0.0010458481701011773,0.0010525254560278096,32,False,False
17.21367137158556,0.3398580994411801,0.009787149161770108,0.0011002466067492464,0.0010992851861921051,0.0011012080273063876,32,False,False
17.244912154474097,0.3403969878564093,0.01059548178461404,0.001335074086212002,0.0013338969411128413,0.0013362512313111628,32,False,False
17.27615293736264,0.3409290927815268,0.011393639172290238,0.0014038679036743173,0.0014002220898332591,0.0014075137175153757,32,False,False
17.307393720251177,0.3414202363435834,0.012130354515375096,0.0012246118109874693,0.0012199629414282249,0.0012292606805467136,32,False,False
17.33863450313972,0.3419243774713123,0.012886566206968465,0.001070133822018749,0.0010672600590506344,0.0010730075849868636,32,False,False
17.369875286028257,0.342507251755178,0.01376087763276697,0.001178233452440029,0.0011773524290564568,0.001179114475823601,32,False,False
17.401116068916796,0.3431479478423378,0.014721921763506767,0.0014060971564304823,0.0014043602886679688,0.0014078340241929959,32,False,False
17.432356851805338,0.3437609262638499,0.01564138939577488,0.001414975713789988,0.001410894243782589,0.001419057183797387,32,False,False
17.463597634693876,0.3443281325900425,0.01649219888506378,0.0012144580805952324,0.0012099991942614967,0.0012189169669289681,32,False,False
17.494838417582418,0.34492676585202314,0.017390148778034634,0.0011038323542856279,0.0011013901888389304,0.0011062745197323253,32,False,False
17.526079200470956,0.3456199935805105,0.01842999037076581,0.0012617001359450306,0.001260733314749143,0.001262666957140918,32,False,False
17.5573199833595,0.3463587601357654,0.019538140203648083,0.0014655098101937904,0.0014631833062945273,0.0014678363140930534,32,False,False
17.588560766248037,0.34704750469563245,0.020571257043448594,0.0014160551598665068,0.0014116834207198543,0.0014204268990131593,32,False,False
17.61980154913658,0.3476925350411593,0.021538802561739016,0.0012088841163014443,0.0012047187763064124,0.0012130494562964762,32,False,False
17.651042332025117,0.3483924119995587,0.02258861799933813,0.0011505287808284996,0.0011484392502754109,0.001152618311381588,32,False,False
17.68228311491366,0.34919825775648944,0.023797386634734213,0.0013466105639779128,0.001345404077610518,0.0013478170503453076,32,False,False
17.713523897802197,0.35002927571290215,0.025043913569353253,0.0015116307783374892,0.001508739777822219,0.0015145217788527594,32,False,False
17.74476468069074,0.3507893987792483,0.026184098168872443,0.0014098330851353247,0.0014053246501872709,0.0014143415200833787,32,False,False
17.776005463579278,0.3515158927795911,0.027273839169386648,0.0012107364158268222,0.0012069279215796678,0.0012145449100739764,32,False,False
17.80724624646782,0.3523238677627734,0.02848580164416014,0.0012093779407052997,0.0012075247841034163,0.001211231097307183,32,False,False
17.838487029356358,0.353242069353139,0.02986310402970846,0.0014287637525340112,0.0014271939894179191,0.0014303335156501031,32,False,False
17.869727812244896,0.3541579620994733,0.03123694314920998,0.0015439613541192955,0.0015405805463239025,0.0015473421619146886,32,False,False
17.90096859513344,0.3549864562742921,0.032479684411438135,0.0013994233908089407,0.0013949247744717208,0.0014039220071461608,32,False,False
17.932209378021977,0.35579983919026237,0.0336997587853935,0.0012223470905496072,0.0012189130608719172,0.0012257811202272975,32,False,False
17.96345016091052,0.35672210035654167,0.03508315053481249,0.0012784390362579501,0.001276682050582573,0.0012801960219333273,32,False,False
17.994690943799057,0.35774952391444526,0.03662428587166794,0.0015042236997267746,0.0015022116166414855,0.0015062357828120637,32,False,False
18.0259317266876,0.35874209648680605,0.038113144730209124,0.0015631484577385516,0.0015593911609973411,0.001566905754479762,32,False,False
18.057172509576137,0.3596378612949975,0.03945679194249615,0.0013880896916634588,0.0013837263931626698,0.0013924529901642479,32,False,False
18.08841329246468,0.3605450381295114,0.04081755719426711,0.0012453429249488384,0.0012422540037302903,0.0012484318461673865,32,False,False
18.119654075353218,0.3615862656810443,0.04237939852156647,0.0013547956359777251,0.0013529878517863701,0.0013566034201690804,32,False,False
18.15089485824176,0.3627168567671137,0.04407528515067045,0.001569716874629656,0.0015672366067784277,0.0015721971424808847,32,False,False
18.182135641130298,0.36377796375667626,0.04566694563501437,0.0015708336146322192,0.0015668370773025287,0.0015748301519619098,32,False,False
18.21337642401884,0.36474214693410084,0.04711322040115132,0.0013790284013881849,0.0013748932019642145,0.0013831636008121552,32,False,False
18.244617206907378,0.36575098484445717,0.04862647726668573,0.0012804742517656138,0.001277657651635949,0.0012832908518952788,32,False,False
18.27585798979592,0.366913526196063,0.05037028929409449,0.0014348023526199278,0.001432809043994329,0.001436795661245527,32,False,False
18.30709877268446,0.36813859724361836,0.05220789586542746,0.0016229402733796336,0.0016200208290631562,0.001625859717696111,32,False,False
18.338339555572997,0.3692610358250968,0.05389155373764524,0.0015694249781400518,0.0015653338064539751,0.0015735161498261286,32,False,False
18.36958033846154,0.37029715750617426,0.055445736259261434,0.001375172061274172,0.0013713163656073604,0.0013790277569409838,32,False,False
18.400821121350077,0.37141577218842176,0.057123658282632675,0.0013274902544084095,0.0013248385118617625,0.0013301419969550564,32,False,False
18.43206190423862,0.3726989422587135,0.05904841338807017,0.0015144362005899536,0.0015121531607666771,0.0015167192404132303,32,False,False
18.463302687127157,0.37400778924233413,0.0610116838635012,0.0016627403921158357,0.0016594603011787143,0.0016660204830529568,32,False,False
18.4945434700157,0.37518611389589346,0.06277917084384019,0.001561833336687905,0.001557782891848288,0.001565883781527522,32,False,False
18.525784252904238,0.37629995856380116,0.06444993784570176,0.0013790075707838505,0.0013754365162057004,0.0013825786253620007,32,False,False
18.55702503579278,0.37753584071013885,0.06630376106520827,0.0013850920614400229,0.0013824767595044655,0.0013877073633755802,32,False,False
18.588265818681318,0.37893545945385637,0.06840318918078458,0.0015897084538466905,0.0015870768173102312,0.0015923400903831498,32,False,False
18.61950660156986,0.38031625040282296,0.07047437560423439,0.001689147742654313,0.0016856235779125408,0.0016926719073960853,32,False,False
18.6507473844584,0.3815474217460361,0.07232113261905415,0.001551207422824576,0.0015473087494473818,0.0015551060962017702,32,False,False
18.68198816734694,0.382746694791392,0.07412004218708805,0.0013924059418785352,0.0013890779719013082,0.0013957339118557623,32,False,False
18.71322895023548,0.3841057392276331,0.0761586088414496,0.0014509908737064118,0.0014482802660382747,0.001453701481374549,32,False,False
18.744469733124017,0.38561400277246277,0.07842100415869413,0.0016570783632893359,0.0016540936208129615,0.0016600631057657102,32,False,False
18.77571051601256,0.38705483821777026,0.0805822573266554,0.00170327712315848,0.0016996476194627065,0.0017069066268542536,32,False,False
18.806951298901097,0.3883386441497207,0.08250796622458098,0.0015406916545457495,0.0015370191463693502,0.001544364162722149,32,False,False
18.83819208178964,0.3896323992144917,0.08444859882173757,0.001416468410759608,0.0014132999089338592,0.0014196369125853564,32,False,False
18.869432864678178,0.391117928233812,0.0866768923507179,0.001522084496956914,0.0015191631026740626,0.0015250058912397654,32,False,False
18.90067364756672,0.3927236734474429,0.08908551017116441,0.0017138076678425958,0.0017105213617168043,0.0017170939739683871,32,False,False
18.931914430455258,0.394213693122157,0.09132053968323549,0.0017071245342061285,0.0017035324537748194,0.0017107166146374377,32,False,False
18.9631552133438,0.39555290877387134,0.09332936316080694,0.0015332155469768242,0.0015297982524361976,0.0015366328415174508,32,False,False
18.99439599623234,0.3969507627601667,0.09542614414025008,0.0014514046143314346,0.0014482798977270965,0.001454529330935773,32,False,False
19.02563677912088,0.39856265959327825,0.0978439893899173,0.001594744562651761,0.0015915321208829622,0.0015979570044205602,32,False,False
19.05687756200942,0.40025202883755046,0.10037804325632567,0.0017582054986200173,0.001754719228751279,0.0017616917684887554,32,False,False
19.08811834489796,0.40178243503976324,0.10267365255964485,0.0017033027770055398,0.001699876694811575,0.0017067288591995048,32,False,False
19.1193591277865,0.40318271211326145,0.10477406816989222,0.0015313135503626585,0.0015281308288590397,0.001534496271866277,32,False,False
19.15059991067504,0.40469388111616417,0.10704082167424617,0.0014964669238496666,0.001493253336700146,0.0014996805109991874,32,False,False
19.18184069356358,0.4064279607458477,0.10964194111877157,0.0016651839460874495,0.0016616508381712568,0.0016687170540036422,32,False,False
19.213081476452118,0.4081854134787797,0.11227812021816957,0.0017897339025365047,0.0017861864726558658,0.0017932813324171436,32,False,False
19.24432225934066,0.4097502987071054,0.11462544806065815,0.0016947584950147239,0.001691596391218839,0.0016979205988106086,32,False,False
19.275563042229198,0.41121979134622694,0.11682968701934038,0.0015369696734796167,0.001533951809323812,0.0015399875376354217,32,False,False
19.30680382511774,0.4128520046519817,0.11927800697797253,0.0015499671205193776,0.0015465341737363508,0.0015534000673024042,32,False,False
19.33804460800628,0.4146997400237456,0.1220496100356184,0.001729854959330179,0.0017260314655557119,0.0017336784531046458,32,False,False
19.36928539089482,0.4165093028517737,0.12476395427766054,0.0018089702164992725,0.0018055197435837018,0.0018124206894148433,32,False,False
19.40052617378336,0.4181062019700761,0.12715930295511407,0.0016845046440887353,0.0016816607498870671,0.0016873485382904035,32,False,False
19.4317669566719,0.419654945760177,0.1294824186402655,0.001551484313210795,0.001548518577985309,0.0015544500484362812,32,False,False
19.46300773956044,0.4214133247820908,0.1321199871731362,0.0016093943145767597,0.0016056349235470955,0.0016131537056064242,32,False,False
19.49424852244898,0.42336201306377347,0.13504301959566029,0.0017858198950797752,0.001781797458184403,0.001789842331975147,32,False,False
19.52548930533752,0.42520862207446547,0.13781293311169818,0.0018174467297964701,0.0018142501376899232,0.001820643321903017,32,False,False
19.55673008822606,0.42683874781425796,0.1402581217213869,0.001675388844293348,0.0016728647556353458,0.0016779129329513502,32,False,False
19.5879708711146,0.4284778153987083,0.14271672309806235,0.001575368560010849,0.0015723109561724708,0.0015784261638492271,32,False,False
19.61921165400314,0.4303638335005553,0.1455457502508329,0.0016716375628755102,0.0016674886632907515,0.001675786462460269,32,False,False
19.65045243689168,0.4323972321514578,0.1485958482271868,0.0018310385548753658,0.0018269624356661803,0.001835114674084551,32,False,False
19.681693219780218,0.4342680086466632,0.15140201296999475,0.001817405572758173,0.0018145980187412806,0.0018202131267750653,32,False,False
19.71293400266876,0.43593616459742507,0.1539042468961376,0.001669904130228275,0.0016676448905345587,0.0016721633699219914,32,False,False
19.7441747855573,0.4376766311619689,0.15651494674295335,0.0016082804925408693,0.0016049729097688393,0.0016115880753128995,32,False,False
19.77541556844584,0.4396872899350863,0.15953093490262948,0.0017332959441947187,0.001728755356868598,0.0017378365315208395,32,False,False
19.80665635133438,0.44178668423615736,0.16268002635423603,0.0018645325420304161,0.0018605866187498578,0.0018684784653109745,32,False,False
19.83789713422292,0.4436719996528739,0.16550799947931086,0.0018115137398281322,0.0018091902390154878,0.0018138372406407764,32,False,False
19.86913791711146,0.44538618997558316,0.16807928496337474,0.0016700390969832729,0.00166793477219437,0.0016721434217721758,32,False,False
19.9003787,0.4472379594501002,0.1708569391751503,0.0016490236433439407,0.0016453153975592796,0.0016527318891286019,32,False,False
19.93161948288854,0.44936531727984536,0.17404797591976806,0.001791038759562959,0.0017861753185167053,0.0017959022006092124,32,False,False
19.96286026577708,0.45151091337985955,0.17726637006978932,0.0018864091910677197,0.001882794873710897,0.0018900235084245425,32,False,False
19.99410104866562,0.45340513588263115,0.18010770382394664,0.001802579720810998,0.0018007806978606992,0.001804378743761297,32,False,False
20.02534183155416,0.45517590439956285,0.18276385659934427,0.0016771614974093298,0.0016750546464360074,0.0016792683483826524,32,False,False
20.0565826144427,0.4571464731333277,0.18571970969999155,0.001695626529598896,0.0016913983308540009,0.0016998547283437909,32,False,False
20.087823397331242,0.45937763675931426,0.1890664551389714,0.0018419646715466113,0.0018369193892472566,0.001847009953845966,32,False,False
20.11906418021978,0.461550121360059,0.1923251820400885,0.0018977533223850534,0.0018946653672806328,0.001900841277489474,32,False,False
20.15030496310832,0.4634519855321299,0.1951779782981949,0.0017933019847534966,0.0017920038952640614,0.0017946000742429318,32,False,False
20.18154574599686,0.46529152149819875,0.19793728224729815,0.001691932818082807,0.0016896320602726729,0.0016942335758929408,32,False,False
20.2127865288854,0.46738478658556026,0.20107717987834045,0.0017455126402734205,0.0017407001552784869,0.001750325125268354,32,False,False
20.24402731177394,0.46970242488165925,0.20455363732248885,0.0018839052334764972,0.001878882555459297,0.0018889279114936975,32,False,False
20.27526809466248,0.4718845065515053,0.20782675982725796,0.0019004164575356073,0.0018980187340691926,0.001902814181002022,32,False,False
20.30650887755102,0.4737970962871962,0.21069564443079425,0.0017860649864863847,0.0017851766770630695,0.0017869532959097,32,False,False
20.33774966043956,0.47571814699679776,0.21357722049519665,0.0017142587395093055,0.0017115582011561943,0.0017169592778624168,32,False,False
20.3689904433281,0.47793339246770145,0.21690008870155222,0.0017957540240153376,0.0017903676235265604,0.0018011404245041145,32,False,False
20.40023122621664,0.48031676074371515,0.22047514111557276,0.0019156269606941975,0.0019108767135968935,0.0019203772077915015,32,False,False
20.431472009105182,0.4824945137502472,0.22374177062537087,0.0018967458660155514,0.0018951498570172792,0.0018983418750138238,32,False,False
20.46271279199372,0.4844248867118548,0.22663733006778225,0.0017827854362698456,0.0017821506272731105,0.0017834202452665809,32,False,False
20.493953574882262,0.4864395250304118,0.2296592875456177,0.0017432874344437545,0.0017399911489550462,0.0017465837199324627,32,False,False
20.5251943577708,0.4887707302732038,0.23315609540980567,0.0018433829640723141,0.0018375202158858813,0.001849245712258747,32,False,False
20.556435140659342,0.4911971157599035,0.2367956736398552,0.0019369047102495052,0.001932696837875568,0.0019411125826234424,32,False,False
20.58767592354788,0.4933609829681189,0.24004147445217833,0.0018892980479653081,0.001888546212199989,0.0018900498837306275,32,False,False
20.61891670643642,0.49531948722021224,0.24297923083031833,0.0017848037631021502,0.0017842098991388443,0.0017853976270654564,32,False,False
20.65015748932496,0.4974377995654459,0.24615669934816886,0.0017774704655498708,0.0017734198572853374,0.0017815210738144041,32,False,False
20.6813982722135,0.49987340124553553,0.2498101018683033,0.0018857204394659547,0.001879568556665814,0.0018918723222660955,32,False,False
20.71263905510204,0.5023198323695305,0.2534797485542958,0.0019484630191855925,0.001945058304355253,0.001951867734015932,32,False,False
20.74387983799058,0.5044651994539762,0.2566977991809642,0.0018805740744439938,0.0018806293986636234,0.0018805187502243643,32,False,False
20.77512062087912,0.5064645399322921,0.2596968098984383,0.0017928143686840557,0.0017920079547950325,0.0017936207825730787,32,False,False
20.80636140376766,0.5086933263339611,0.2630399895009417,0.001814697057410869,0.0018097986348987079,0.00181959547992303,32,False,False
20.837602186656202,0.5112165234531051,0.2668247851796577,0.0019206720359818946,0.001914498785871012,0.0019268452860927772,32,False,False
20.86884296954474,0.513661542246514,0.2704923133697709,0.0019518053435857237,0.0019494258006086272,0.0019541848865628204,32,False,False
20.900083752433282,0.5157888572335563,0.27368328585033447,0.0018728009370758043,0.001873543293632304,0.0018720585805193045,32,False,False
20.93132453532182,0.5178429677759188,0.27676445166387803,0.00180683251250252,0.0018055407652539507,0.0018081242597510893,32,False,False
20.962565318210363,0.5201845738777872,0.28027686081668085,0.0018525013212202241,0.001846750916644244,0.0018582517257962042,32,False,False
20.9938061010989,0.5227741987367883,0.28416129810518254,0.0019469449716444274,0.0019410782778630192,0.0019528116654258356,32,False,False
21.02504688398744,0.5251994869112467,0.2877992303668702,0.0019489678358802194,0.0019477702715061077,0.0019501654002543312,32,False,False
21.05628766687598,0.527313953098348,0.29097092964752214,0.0018677689431225199,0.001868998399168236,0.0018665394870768035,32,False,False
21.08752844976452,0.5294367275023162,0.2941550912534742,0.0018262018078604723,0.0018241598710103395,0.001828243744710605,32,False,False
21.11876923265306,0.5318881483914343,0.2978322225871515,0.0018883267831518364,0.0018818263915459962,0.0018948271747576766,32,False,False
21.1500100155416,0.534520044694861,0.30178006704229154,0.001964152967947305,0.001958951248325086,0.001969354687569524,32,False,False
21.181250798430142,0.5369117211966211,0.3053675817949318,0.0019422418944479523,0.0019422973926704694,0.0019421863962254353,32,False,False
21.21249158131868,0.5390226277443351,0.3085339416165026,0.001866723611755194,0.0018681706308259723,0.0018652765926844158,32,False,False
21.243732364207222,0.5412265686208795,0.3118398529313192,0.001849651383332929,0.0018466334651808319,0.0018526693014850261,32,False,False
21.27497314709576,0.5437789647911279,0.31566844718669174,0.0019198166948332005,0.0019127804046228513,0.0019268529850435497,32,False,False
21.306213929984303,0.5464277343793227,0.319641601568984,0.0019727968318622164,0.0019686136101595398,0.001976980053564893,32,False,False
21.33745471287284,0.5487771981055729,0.32316579715835936,0.0019339064675477032,0.0019351875136665454,0.0019326254214288609,32,False,False
21.368695495761383,0.5508969681154975,0.3263454521732463,0.0018703053437662959,0.0018716477663219394,0.0018689629212106525,32,False,False
21.39993627864992,0.5531918283498157,0.3297877425247236,0.0018754112276444896,0.001871262938671597,0.001879559516617382,32,False,False
21.431177061538463,0.5558305672264012,0.3337458508396019,0.0019450884925829555,0.0019378352109557665,0.0019523417742101446,32,False,False
21.462417844427,0.558471486215485,0.33770722932322755,0.001974130931112792,0.0019712781136461285,0.001976983748579456,32,False,False
21.49365862731554,0.5607757482781975,0.3411636224172963,0.001926000952298552,0.0019283768784996724,0.0019236250260974317,32,False,False
21.524899410204082,0.5629187826631962,0.3443781739947942,0.0018785300644521626,0.0018794166530657153,0.0018776434758386099,32,False,False
21.55614019309262,0.5653102984599294,0.3479654476898942,0.0019013882752864407,0.0018960564385092458,0.001906720112063636,32,False,False
21.587380975981162,0.5680155793579981,0.3520233690369971,0.0019629484551916035,0.0019558809668025388,0.0019700159435806683,32,False,False
21.6186217588697,0.5706264568500533,0.3559396852750799,0.001969945448617654,0.0019686596996424653,0.0019712311975928426,32,False,False
21.649862541758242,0.5728879757910531,0.3593319636865797,0.0019201548453623971,0.0019233955065403893,0.0019169141841844052,32,False,False
21.68110332464678,0.5750693616984103,0.36260404254761536,0.0018908088703901032,0.001890888855528351,0.0018907288852518555,32,False,False
21.712344107535323,0.5775581999237128,0.3663372998855692,0.0019253936113559499,0.0019189492122886267,0.0019318380104232729,32,False,False
21.74358489042386,0.5803062431762777,0.3704593647644166,0.0019730114384138393,0.00196658345612581,0.0019794394207018687,32,False,False
21.774825673312403,0.5828690073262538,0.3743035109893807,0.0019623049685566513,0.0019627208960195193,0.0019618890410937834,32,False,False
21.80606645620094,0.5850950940062104,0.3776426410093157,0.001917477529159248,0.0019212647222619193,0.0019136903360565767,32,False,False
21.837307239089483,0.5873292390989434,0.38099385864841506,0.0019060093074821315,0.0019049666551883852,0.001907051959775878,32,False,False
21.86854802197802,0.589910293487332,0.38486544023099817,0.0019453979204520828,0.001938047957488423,0.0019527478834157428,32,False,False
21.899788804866564,0.5926749898749893,0.38901248481248407,0.0019757068616414997,0.0019703816864960057,0.0019810320367869938,32,False,False
21.931029587755102,0.5951768337441522,0.39276525061622836,0.0019532857305761286,0.001955418347625841,0.0019511531135264165,32,False,False
21.96227037064364,0.5973787222974627,0.3960680834461941,0.001918502354149094,0.001922448425973839,0.001914556282324349,32,False,False
21.993511153532182,0.5996779783597318,0.3995169675395978,0.00192256360766473,0.001920153688808949,0.0019249735265205107,32,False,False
22.02475193642072,0.6023401385693016,0.40351020785395236,0.0019597805400579154,0.0019518654920067842,0.0019676955881090465,32,False,False
22.055992719309263,0.6050949809986176,0.40764247149792626,0.0019721736599812778,0.001968379430636502,0.001975967889326054,32,False,False
22.0872335021978,0.6075289725264824,0.41129345878972356,0.0019447460035399262,0.001948483517443879,0.0019410084896359734,32,False,False
22.118474285086343,0.6097206596798922,0.41458098951983824,0.0019231765817835033,0.00192684973755021,0.0019195034260167968,32,False,False
22.14971506797488,0.6120940127327449,0.4181410190991174,0.0019386261567016243,0.001934711334339609,0.0019425409790636396,32,False,False
22.180955850863423,0.6148204915376153,0.42223073730642297,0.0019675330094717364,0.0019595084098134796,0.001975557609129993,32,False,False
22.21219663375196,0.6175405640422746,0.42631084606341196,0.0019640666364533783,0.0019621536140057277,0.0019659796589010293,32,False,False
22.243437416640504,0.6199057036654971,0.4298585554982457,0.0019381513259996194,0.0019432580879741052,0.0019330445640251335,32,False,False
22.274678199529042,0.6221026478653685,0.4331539717980528,0.001930890612169636,0.0019338463802400455,0.0019279348440992264,32,False,False
22.305918982417584,0.6245545725224201,0.4368318587836301,0.0019522747142778824,0.0019468544182296478,0.0019576950103261173,32,False,False
22.337159765306122,0.6273238118010102,0.4409857177015153,0.001968381921569246,0.001960784841256512,0.00197597900188198,32,False,False
22.368400548194664,0.6299876022400017,0.4449814033600026,0.0019533108578377364,0.0019535156860314385,0.0019531060296440344,32,False,False
22.399641331083203,0.6322883811424468,0.44843257171367024,0.0019344621692777243,0.0019405908454125573,0.0019283334931428913,32,False,False
22.43088211397174,0.6345061361389699,0.4517592042084549,0.0019405445796386593,0.0019423624883365936,0.001938726670940725,32,False,False
22.462122896860283,0.6370357295935316,0.4555535943902974,0.001961738501694435,0.0019549689963715977,0.001968508007017272,32,False,False
22.49336367974882,0.6398228253352808,0.4597342380029213,0.0019628088800608947,0.0019562125218849026,0.001969405238236887,32,False,False
22.524604462637363,0.6424136595707877,0.46362048935618155,0.001941845616423004,0.0019442661882116696,0.0019394250446343384,32,False,False
22.5558452455259,0.644659218619516,0.466988827929274,0.0019340805502263592,0.0019407923130279336,0.001927368787424785,32,False,False
22.587086028414443,0.6469120640875393,0.4703680961313091,0.001950653992986797,0.0019509776862487145,0.0019503302997248794,32,False,False
22.618326811302982,0.6495125783956225,0.4742688675934338,0.0019656253276844893,0.0019578248895110993,0.001973425765857879,32,False,False
22.649567594191524,0.6522910848064147,0.47843662720962216,0.0019519640819309853,0.0019469256592306397,0.001957002504631331,32,False,False
22.680808377080062,0.6547980439595351,0.4821970659393026,0.001931395081130465,0.0019359778983237361,0.001926812263937194,32,False,False
22.712049159968604,0.6570010529959328,0.48550157949389927,0.0019368464364756172,0.0019436380948283476,0.0019300547781228871,32,False,False
22.743289942857142,0.6593006840517043,0.48895102607755647,0.0019594960116841873,0.0019580738776888524,0.0019609181456795217,32,False,False
22.774530725745684,0.6619595551815075,0.49293933277226126,0.001963113360177577,0.001954750058178073,0.001971476662177081,32,False,False
22.805771508634223,0.6647034659906241,0.49705519898593614,0.0019374897748346046,0.001934497944245763,0.0019404816054234464,32,False,False
22.837012291522765,0.6671217293937755,0.5006825940906632,0.0019232915273478942,0.0019298317084101464,0.001916751346285642,32,False,False
22.868253074411303,0.6692971020161057,0.5039456530241587,0.0019420745059069823,0.0019484117154206291,0.0019357372963933353,32,False,False
22.89949385729984,0.6716514501468328,0.5074771752202493,0.0019652931608407356,0.0019620153585008337,0.001968570963180637,32,False,False
22.930734640188383,0.6743508758940365,0.5115263138410547,0.00195407381400863,0.0019457353756773032,0.0019624122523399573,32,False,False
22.96197542307692,0.6770365513993181,0.5155548270989773,0.0019212858266498233,0.0019207139259477778,0.0019218577273518687,32,False,False
22.993216205965464,0.6793671882815148,0.5190507824222721,0.0019183626148605755,0.0019265153847097328,0.0019102098450114182,32,False,False
23.024456988854002,0.6815307276879331,0.5222960915318997,0.001948625539524758,0.0019539812518137366,0.0019432698272357793,32,False,False
23.055697771742544,0.6839430017538745,0.5259145026308116,0.0019664222479360543,0.001961349191124179,0.00197149530474793,32,False,False
23.086938554631082,0.6866610527818482,0.5299915791727724,0.001939100172139079,0.0019314481171503015,0.0019467522271278564,32,False,False
23.118179337519624,0.6892688714029335,0.5339033071044001,0.0019052574694838659,0.0019073277116042455,0.0019031872273634865,32,False,False
23.149420120408163,0.6915181677115884,0.5372772515673824,0.0019168814817737507,0.0019261832915825371,0.001907579671964964,32,False,False
23.180660903296705,0.6936852168345312,0.5405278252517969,0.0019550108896354847,0.00195890777985964,0.0019511139994113293,32,False,False
23.211901686185243,0.6961532637812923,0.5442298956719386,0.0019616262347898596,0.001955003525178826,0.001968248944400893,32,False,False
23.243142469073785,0.6988654354224392,0.5482981531336588,0.0019194353612111438,0.001913148146014523,0.0019257225764077646,32,False,False
23.274383251962323,0.7013809956317881,0.5520714934476822,0.001891084133853253,0.001895846026437689,0.0018863222412688174,32,False,False
23.305624034850865,0.7035594393041439,0.5553391589562157,0.0019185700337078391,0.0019284674027644452,0.0019086726646512333,32,False,False
23.336864817739404,0.7057435930044141,0.5586153895066213,0.0019595306289028483,0.001961585337047604,0.0019574759207580932,32,False,False
23.368105600627942,0.708259673685399,0.5623895105280984,0.0019501989445837864,0.0019424546850915047,0.0019579432040760683,32,False,False
23.399346383516484,0.7109407165618222,0.5664110748427333,0.0018968073883003536,0.0018925191589615556,0.0019010956176391514,32,False,False
23.430587166405022,0.713355488468867,0.5700332327033004,0.0018800387947404673,0.0018873628717439028,0.0018727147177370318,32,False,False
23.461827949293564,0.7154765446149001,0.5732148169223501,0.001922643524560117,0.0019325280468012345,0.0019127590023189996,32,False,False
23.493068732182103,0.7176884787406287,0.5765327181109431,0.0019604437052851767,0.0019604095113238567,0.001960477899246497,32,False,False
23.524309515070644,0.7202395273524461,0.5803592910286693,0.001932110663331993,0.0019238330466640012,0.0019403882799999847,32,False,False
23.555550297959183,0.7228653489621829,0.5842980234432744,0.001873200933875374,0.0018714432094139547,0.001874958658336793,32,False,False
23.586791080847725,0.7251767572797547,0.587765135919632,0.0018728733230133,0.0018824593103898858,0.0018632873356367143,32,False,False
23.618031863736263,0.7272555506774318,0.5908833260161476,0.0019278869710575935,0.0019371353320918473,0.0019186386100233394,32,False,False
23.649272646624805,0.729502030292671,0.5942530454390064,0.0019561619613557213,0.001953965348791658,0.001958358573919784,32,False,False
23.680513429513343,0.7320704167132743,0.5981056250699115,0.0019080484587333177,0.0018999442401563644,0.0019161526773102708,32,False,False
23.711754212401885,0.7346198342787741,0.6019297514181612,0.0018506032295605825,0.0018517562741369568,0.001849450184984208,32,False,False
23.742994995290424,0.7368308291291733,0.6052462436937599,0.0018697710450318221,0.0018811682441223514,0.0018583738459412931,32,False,False
23.774235778178962,0.7388828253929033,0.608324238089355,0.0019327587674373503,0.0019407767184518349,0.0019247408164228658,32,False,False
23.805476561067504,0.7411659659571913,0.611748948935787,0.0019454508504354977,0.001941216746570089,0.0019496849543009062,32,False,False
23.836717343956042,0.7437307152577234,0.615596072886585,0.0018793581222530725,0.0018721955453342978,0.0018865206991718472,32,False,False
23.867958126844584,0.7461868659084182,0.6192802988626275,0.0018307645311015134,0.0018350234753741704,0.0018265055868288563,32,False,False
23.899198909733123,0.7483050907237928,0.6224576360856893,0.0018703570269040012,0.0018829941682033848,0.0018577198856046173,32,False,False
23.930439692621665,0.7503448418044149,0.6255172627066223,0.0019355208587630878,0.0019417896677395505,0.0019292520497866251,32,False,False
23.961680475510203,0.7526617021157985,0.6289925531736976,0.0019276112611638992,0.0019216719733366318,0.0019335505489911668,32,False,False
23.992921258398745,0.7552000581350354,0.6328000872025531,0.0018478923154720628,0.0018424346389545251,0.0018533499919896007,32,False,False
24.024162041287283,0.757551329406175,0.6363269941092624,0.0018150065926428884,0.0018223649590612186,0.0018076482262245582,32,False,False
24.055402824175825,0.7595880199395889,0.6393820299093833,0.0018737518095740021,0.0018869738201430287,0.0018605297990049756,32,False,False
24.086643607064364,0.76162802262851,0.642442033942765,0.0019343953039262114,0.00193851825007331,0.001930272357779113,32,False,False
24.117884389952906,0.7639705984086795,0.6459558976130194,0.00190261267208415,0.0018954968753801674,0.0019097284687881325,32,False,False
24.149125172841444,0.7664597632527967,0.6496896448791951,0.0018157872386046527,0.001812724630643014,0.0018188498465662914,32,False,False
24.180365955729986,0.7687001823170201,0.6530502734755302,0.0018040994523765307,0.0018143502055404383,0.0017938486992126234,32,False,False
24.211606738618524,0.7706689284463089,0.6560033926694634,0.001878655259538365,0.0018917649876889636,0.0018655455313877666,32,False,False
24.242847521507063,0.7727186399489533,0.6590779599234299,0.001927743154703406,0.001929488391126081,0.0019259979182807306,32,False,False
24.274088304395605,0.775074297162415,0.6626114457436226,0.0018711502408356683,0.0018635507386623074,0.0018787497430090292,32,False,False
24.305329087284143,0.7774931492403234,0.6662397238604851,0.001785203535570334,0.0017850913838031422,0.0017853156873375256,32,False,False
24.336569870172685,0.7796222465581003,0.6694333698371503,0.0017982114560537758,0.0018109636026383436,0.001785459309469208,32,False,False
24.367810653061223,0.7815377271799874,0.672306590769981,0.00188345207860175,0.0018957556086626121,0.001871148548540888,32,False,False
24.399051435949765,0.7836027866600381,0.6754041799900572,0.0019142539730735292,0.0019135889790044954,0.001914918967142563,32,False,False
24.430292218838304,0.7859551260413268,0.6789326890619903,0.0018346082561504855,0.0018273302597793324,0.0018418862525216386,32,False,False
24.461533001726846,0.7882857228697245,0.6824285843045866,0.0017580725864805556,0.0017612831562264404,0.0017548620167346708,32,False,False
24.492773784615384,0.7903079498705551,0.6854619248058327,0.0017969242169781398,0.0018116317161605887,0.0017822167177956908,32,False,False
24.524014567503926,0.7921847218034787,0.6882770827052179,0.0018863361432123306,0.0018971905261790877,0.0018754817602455733,32,False,False
24.555255350392464,0.7942664338688873,0.6913996508033309,0.0018931256144270885,0.0018902379749791737,0.0018960132538750033,32,False,False
24.586496133281006,0.7965965207567862,0.6948947811351792,0.0017949279875408238,0.0017888227483300375,0.0018010332267516102,32,False,False
24.617736916169545,0.7988252287213816,0.6982378430820723,0.0017358855883196679,0.0017425777219226303,0.0017291934547167054,32,False,False
24.648977699058086,0.800749049306006,0.7011235739590089,0.0017992964052898283,0.0018152958391339437,0.0017832969714457131,32,False,False
24.680218481946625,0.802600444431698,0.7039006666475469,0.0018854540487890626,0.0018943158631986561,0.0018765922343794692,32,False,False
24.711459264835163,0.8046955810114439,0.7070433715171658,0.0018642076230825973,0.0018595073949708616,0.001868907851194333,32,False,False
24.742700047723705,0.8069834196795749,0.7104751295193623,0.0017543955965491943,0.0017502867054161216,0.001758504487682267,32,False,False
24.773940830612244,0.8091015731379897,0.7136523597069846,0.0017195515671171817,0.0017296602896770216,0.0017094428445573418,32,False,False
24.805181613500785,0.8109383617414765,0.7164075426122147,0.001803958694771636,0.0018205126172780926,0.0017874047722651796,32,False,False
24.836422396389324,0.8127755297949841,0.7191632946924762,0.0018790674243328032,0.0018855396107295293,0.001872595237936077,32,False,False
24.867663179277866,0.8148764935865737,0.7223147403798605,0.001828080372021978,0.001822180969542522,0.0018339797745014342,32,False,False
24.898903962166404,0.8171025858505541,0.725653878775831,0.001715381466485138,0.001713992438601913,0.0017167704943683631,32,False,False
24.930144745054946,0.8191066489115215,0.7286599733672822,0.0017093345707406276,0.0017225797016225653,0.0016960894398586899,32,False,False
24.961385527943484,0.8208695173843467,0.73130427607652,0.0018092264512610096,0.0018255701899437952,0.0017928827125782243,32,False,False
24.992626310832026,0.8227006463574744,0.7340509695362117,0.0018657279372169622,0.0018696011212629862,0.0018618547531709384,32,False,False
25.023867093720565,0.8247960096967439,0.7371940145451158,0.0017860483747438724,0.0017797255797389437,0.0017923711697488008,32,False,False
25.055107876609107,0.8269428232329901,0.7404142348494852,0.0016800710963620629,0.0016819626765609615,0.0016781795161631642,32,False,False
25.086348659497645,0.8288340946929568,0.7432511420394351,0.0017048651676393656,0.0017207759153492013,0.0016889544199295298,32,False,False
25.117589442386187,0.8305367447472755,0.7458051171209131,0.0018132231384666983,0.0018286135878548676,0.0017978326890785287,32,False,False
25.148830225274725,0.8323664934762182,0.7485497402143273,0.0018444511055366753,0.0018457346095741142,0.0018431676014992366,32,False,False
25.180071008163264,0.8344418840942215,0.7516628261413322,0.0017400384840461176,0.0017341703884335283,0.001745906579658707,32,False,False
25.211311791051806,0.8364950706750424,0.7547426060125634,0.001650228457125768,0.0016557524522618574,0.0016447044619896786,32,False,False
25.242552573940344,0.8382790233573498,0.7574185350360246,0.0017052097455942609,0.0017231611471716798,0.0016872583440168422,32,False,False
25.273793356828886,0.8399346914588105,0.7599020371882157,0.00181401380575079,0.0018277790297534125,0.0018002485817481676,32,False,False
25.305034139717424,0.8417638725543523,0.7626458088315285,0.0018148668122429231,0.001813804250377909,0.0018159293741079373,32,False,False
25.336274922605966,0.8438031305762396,0.7657046958643593,0.001692410854923024,0.001687904628432758,0.00169691708141329,32,False,False
25.367515705494505,0.845752375013277,0.7686285625199157,0.0016270239449109251,0.001636297696880657,0.0016177501929411935,32,False,False
25.398756488383047,0.8474377482368466,0.7711566223552699,0.0017089768001090618,0.001728233805309232,0.0016897197949088914,32,False,False
25.429997271271585,0.8490582844564475,0.7735874266846713,0.0018097501852498187,0.001821338250920012,0.0017981621195796251,32,False,False
25.461238054160127,0.850883833052943,0.7763257495794146,0.0017773205821481502,0.0017743856991181734,0.0017802554651781268,32,False,False
25.492478837048665,0.852870322327204,0.7793054834908061,0.001645706910350173,0.0016434205638683884,0.001647993256831958,32,False,False
25.523719619937207,0.8547097604682902,0.7820646407024352,0.0016109449493144814,0.0016238474292218717,0.0015980424694070911,32,False,False
25.554960402825746,0.8563075277241842,0.7844612915862764,0.00171444091862966,0.0017342066608795237,0.0016946751763797963,32,False,False
25.586201185714287,0.8579026344922941,0.7868539517384411,0.0017988271037184225,0.0018078515982407914,0.001789802609196054,32,False,False
25.617441968602826,0.8597178841263293,0.789576826189494,0.0017329011145142841,0.0017287714553078921,0.0017370307737206764,32,False,False
25.648682751491364,0.8616358157838692,0.7924537236758037,0.0016023715251837665,0.0016030397796498125,0.0016017032707177205,32,False,False
25.679923534379906,0.863364022008463,0.7950460330126946,0.0016017899137431946,0.0016179775363158219,0.0015856022911705674,32,False,False
25.711164317268445,0.864886340192539,0.7973295102888086,0.0017196721290233942,0.0017391380098650965,0.001700206248181692,32,False,False
25.742405100156986,0.8664629914058913,0.7996944871088368,0.00178004317174589,0.0017863216596349372,0.0017737646838568424,32,False,False
25.773645883045525,0.8682582518794497,0.8023873778191746,0.0016833786921806922,0.0016788875440440325,0.0016878698403173518,32,False,False
25.804886665934067,0.8700938754053524,0.8051408131080287,0.001564491155553729,0.0015686638961863021,0.0015603184149211558,32,False,False
25.836127448822605,0.8717134744906149,0.8075702117359224,0.0015987326600480905,0.0016176708649144687,0.0015797944551817122,32,False,False
25.867368231711147,0.8731726946320744,0.8097590419481115,0.0017226659360930615,0.0017410620654518326,0.0017042698067342903,32,False,False
25.898609014599685,0.874734756385509,0.8121021345782636,0.0017527508101258592,0.0017563315728503228,0.0017491700474013955,32,False,False
25.929849797488227,0.8764981535183253,0.8147472302774877,0.001631053055788425,0.0016271233626357282,0.0016349827489411217,32,False,False
25.961090580376766,0.8782406917233816,0.8173610375850723,0.0015335859210388629,0.0015415856553834058,0.00152558618669432,32,False,False
25.992331363265308,0.8797576875147545,0.8196365312721315,0.0016004346787335654,0.0016214404118600402,0.0015794289456070904,32,False,False
26.023572146153846,0.8811654789237776,0.8217482183856665,0.0017214756119712368,0.0017381204979460998,0.0017048307259963738,32,False,False
26.054812929042384,0.8827135542558006,0.8240703313837009,0.0017169735895070778,0.0017181458497842832,0.0017158013292298722,32,False,False
26.086053711930926,0.884432055350653,0.8266480830259796,0.001578526274567887,0.001576093198395447,0.0015809593507403272,32,False,False
26.117294494819465,0.8860742999825938,0.8291114499738909,0.0015104815648877244,0.0015223832814186729,0.001498579848356776,32,False,False
26.148535277708007,0.8874972297842773,0.831245844676416,0.00160518161268673,0.0016274720464168014,0.0015828911789566584,32,False,False
26.179776060596545,0.8888638470329453,0.833295770549418,0.0017143497818586711,0.0017286977961064813,0.001700001767610861,32,False,False
26.211016843485087,0.8903953626597317,0.8355930439895974,0.0016734666564521552,0.0016727504497412841,0.0016741828631630263,32,False,False
26.242257626373625,0.8920558829986924,0.8380838244980386,0.0015284309416085241,0.0015283617593949605,0.001528500123822088,32,False,False
26.273498409262167,0.893594418595726,0.8403916278935889,0.0014952708831449603,0.0015109044059289185,0.0014796373603610023,32,False,False
26.304739192150706,0.8949334387705571,0.8424001581558355,0.0016110247641166263,0.0016337685917325317,0.001588280936500721,32,False,False
26.335979975039248,0.8962671473518456,0.8444007210277683,0.0016998750744919187,0.0017115592726929254,0.001688190876290912,32,False,False
26.367220757927786,0.8977766870257664,0.8466650305386496,0.001623699980692013,0.0016218139289358871,0.0016255860324481386,32,False,False
26.398461540816328,0.8993671591337243,0.8490507387005864,0.0014831533225881444,0.0014861739214846429,0.001480132723691646,32,False,False
26.429702323704866,0.9008022336283011,0.8512033504424517,0.0014873575144519042,0.0015063295725317109,0.0014683854563720977,32,False,False
26.460943106593408,0.9020682239587782,0.8531023359381672,0.0016159168428473523,0.001638285763948712,0.0015935479217459925,32,False,False
26.492183889481947,0.9033748952861425,0.8550623429292138,0.0016771165843438114,0.0016859833233530271,0.0016682498453345954,32,False,False
26.523424672370485,0.9048547623930192,0.8572821435895288,0.0015697545586899665,0.00156756273211077,0.001571946385269163,32,False,False
26.554665455259027,0.9063650549920137,0.8595475824880204,0.0014445922079184392,0.0014512284230012587,0.0014379559928356194,32,False,False
26.585906238147565,0.907700157076286,0.861550235614429,0.0014855621169559143,0.0015072934418220454,0.001463830792089783,32,False,False
26.617147021036107,0.9089039064894789,0.8633558597342182,0.0016178398768910284,0.001639058922373572,0.0015966208314084848,32,False,False
26.648387803924646,0.9101867925417104,0.8652801888125656,0.0016457407875410729,0.0016518717699534002,0.0016396098051287458,32,False,False
26.679628586813187,0.9116277575885264,0.8674416363827897,0.0015141366862387227,0.001512578941175083,0.001515694431302362,32,False,False
26.710869369701726,0.9130503545313825,0.8695755317970738,0.0014139865919743076,0.0014245262416250138,0.0014034469423236016,32,False,False
26.742110152590268,0.9142915835215741,0.8714373752823612,0.0014882649802512617,0.001512037061755443,0.0014644928987470804,32,False,False
26.773350935478806,0.9154430952701603,0.8731646429052404,0.0016149286988158284,0.001634324447431203,0.001595532950200454,32,False,False
26.804591718367348,0.9167027926149792,0.8750541889224687,0.001606099992547296,0.0016098173649868395,0.0016023826201077525,32,False,False
26.835832501255886,0.9180949556352204,0.8771424334528305,0.0014595310269008986,0.0014595439863852578,0.0014595180674165395,32,False,False
26.86707328414443,0.9194253416068557,0.8791380124102837,0.0013918314219866675,0.0014063096715305112,0.001377353172442824,32,False,False
26.898314067032967,0.9205806636755263,0.8808709955132895,0.0014935600776673854,0.001518566659385751,0.00146855349594902,32,False,False
26.92955484992151,0.9216885990593751,0.8825328985890627,0.0016055943893102014,0.0016226397818695304,0.0015885489967508721,32,False,False
26.960795632810047,0.9229232070940924,0.8843848106411386,0.0015592565241815306,0.001561107743055607,0.0015574053053074542,32,False,False
26.992036415698585,0.924256887084888,0.8863853306273319,0.0014085261139443275,0.0014109636689084257,0.0014060885589802293,32,False,False
27.023277198587127,0.9254936290408361,0.8882404435612542,0.0013778834281356514,0.0013960907624152915,0.001359676093856011,32,False,False
27.054517981475666,0.9265721062000903,0.8898581593001355,0.0014994026796328172,0.0015248022784648577,0.0014740030808007766,32,False,False
27.085758764364208,0.927643374686669,0.8914650620300035,0.0015886477470425748,0.001603001286888332,0.0015742942071968178,32,False,False
27.116999547252746,0.9288488414370241,0.8932732621555363,0.0015069306876627827,0.0015076520281771032,0.001506209347148462,32,False,False
27.148240330141288,0.9301153999166658,0.8951730998749987,0.0013633518936925965,0.00136891433024621,0.001357789457138983,32,False,False
27.179481113029826,0.9312599525370707,0.896889928805606,0.0013712436302089708,0.0013927529341878472,0.0013497343262300942,32,False,False
27.21072189591837,0.9322710130346336,0.8984065195519505,0.0015037420440661671,0.001528709196987308,0.001478774891145026,32,False,False
27.241962678806907,0.9333105119237827,0.8999657678856741,0.0015634157904580452,0.0015749518433035062,0.001551879737612584,32,False,False
27.27320346169545,0.9344811437252355,0.9017217155878532,0.001451367687266615,0.001451828171515178,0.0014509072030180522,32,False,False
27.304444244583987,0.9356736589549003,0.9035104884323505,0.0013256670976607167,0.001334846624105507,0.0013164875712159266,32,False,False
27.33568502747253,0.9367299522687801,0.9050949284031702,0.0013704923009578618,0.0013946998365719882,0.0013462847653437353,32,False,False
27.366925810361067,0.9376827490935083,0.9065241236402626,0.0015046396453479818,0.0015284136907221454,0.001480865599973818,32,False,False
27.39816659324961,0.9386932547953064,0.9080398821929595,0.0015298366211554519,0.00153866281184562,0.001521010430465284,32,False,False
27.429407376138148,0.9398223467465749,0.9097335201198625,0.0013951334623536502,0.0013962640373915175,0.0013940028873157828,32,False,False
27.460648159026686,0.9409360777378764,0.9114041166068146,0.001296424206017605,0.0013094720504640892,0.0012833763615711204,32,False,False
27.491888941915228,0.9419099612869891,0.9128649419304837,0.0013738487764464687,0.001400023395062416,0.0013476741578305217,32,False,False
27.523129724803766,0.9428128451554935,0.91421926773324,0.0015003782961182223,0.0015223089307469186,0.001478447661489526,32,False,False
27.554370507692308,0.943795056643569,0.9156925849653536,0.0014885134996204799,0.0014949713035509993,0.0014820556956899602,32,False,False
27.585611290580847,0.9448755839414226,0.917313375912134,0.0013408635367778896,0.0013435788637724737,0.0013381482097833055,32,False,False
27.61685207346939,0.9459081941453497,0.9188622912180244,0.0012758247584347476,0.0012927417098398722,0.001258907807029623,32,False,False
27.648092856357927,0.9468068144244516,0.9202102216366775,0.0013793317831589137,0.0014066673788109833,0.001351996187506844,32,False,False
27.67933363924647,0.9476669322869612,0.9215003984304417,0.0014895675608671997,0.0015091560927692,0.0014699790289651995,32,False,False
27.710574422135007,0.9486196626538973,0.9229294939808458,0.0014407094465082662,0.001445355232433715,0.0014360636605828176,32,False,False
27.74181520502355,0.9496449631444867,0.9244674447167299,0.0012909993210496002,0.0012961209454615346,0.0012858776966376661,32,False,False
27.773055987912088,0.9505965067216655,0.9258947600824983,0.0012633610375080546,0.001283910020184442,0.0012428120548316668,32,False,False
27.80429677080063,0.9514276854569985,0.9271415281854979,0.0013849043635236382,0.001412571934171867,0.0013572367928754094,32,False,False
27.835537553689168,0.9522507065334045,0.9283760598001068,0.0014712460831992446,0.0014881804287965054,0.0014543117376019838,32,False,False
27.86677833657771,0.9531712094808591,0.9297568142212886,0.001388270275404553,0.0013918362151506603,0.0013847043356584455,32,False,False
27.898019119466248,0.9541355882540764,0.9312033823811146,0.0012475496540687646,0.0012557392621985817,0.0012393600459389474,32,False,False
27.929259902354787,0.9550082906601923,0.9325124359902885,0.001257926130772321,0.001281662796186947,0.0012341894653576952,32,False,False
27.96050068524333,0.9557799554144913,0.9336699331217371,0.0013885974721763888,0.0014157946638058438,0.001361400280546934,32,False,False
27.991741468131867,0.956569922701546,0.9348548840523189,0.0014449742075923456,0.0014591546833706921,0.0014307937318139992,32,False,False
28.02298225102041,0.9574543284735461,0.9361814927103191,0.0013334753317324755,0.0013368123867272092,0.0013301382767377417,32,False,False
28.054223033908947,0.9583535264546329,0.9375302896819493,0.00121191097805717,0.0012236208962530517,0.0012002010598612886,32,False,False
28.08546381679749,0.9591514112615789,0.9387271168923682,0.001257965950921716,0.0012842817870146125,0.0012316501148288193,32,False,False
28.116704599686027,0.9598711116446207,0.939806667466931,0.0013886147233584847,0.0014146118717845357,0.0013626175749324337,32,False,False
28.14794538257457,0.9606304153072595,0.9409456229608892,0.0014109033512670324,0.0014224556869040707,0.0013993510156299941,32,False,False
28.179186165463108,0.9614742376591415,0.9422113564887121,0.0012788288860491384,0.001282836929005684,0.0012748208430925928,32,False,False
28.21042694835165,0.9623057259967305,0.9434585889950957,0.0011847682925163398,0.0012002136850181955,0.0011693229000144841,32,False,False
28.241667731240188,0.9630341491225106,0.9445512236837658,0.0012616454646781506,0.0012898176938479053,0.0012334732355083961,32,False,False
28.27290851412873,0.9637086756643146,0.945563013496472,0.0013834250163513783,0.001407607147244953,0.0013592428854578035,32,False,False
28.30414929701727,0.9644381429271293,0.946657214390694,0.0013698049411235821,0.0013790771156276037,0.0013605327666195606,32,False,False
28.335390079905807,0.9652368087479525,0.9478552131219287,0.001226817552691858,0.001232369936966163,0.0012212651684175531,32,False,False
28.36663086279435,0.9659998953540411,0.9489998430310614,0.0011660838184616796,0.0011852377778478864,0.0011469298590754725,32,False,False
28.397871645682887,0.9666650466214796,0.9499975699322195,0.0012670064257851734,0.0012962497948746281,0.0012377630566957189,32,False,False
28.42911242857143,0.9673001574862498,0.9509502362293747,0.001371849011452392,0.0013937529579852424,0.001349945064919542,32,False,False
28.460353211459967,0.9679992496513039,0.951998874476956,0.0013230431986033762,0.0013305838757804685,0.0013155025214262842,32,False,False
28.49159399434851,0.9687485988719519,0.9531228983079278,0.001179667051945873,0.001187538060250585,0.001171796043641161,32,False,False
28.522834777237048,0.9694443579426211,0.9541665369139316,0.0011551647886419631,0.0011777743795724025,0.001132555197711524,32,False,False
28.55407556012559,0.9700527806468875,0.9550791709703312,0.0012721030765694779,0.0013016200969470898,0.0012425860561918658,32,False,False
28.585316343014128,0.970653034239724,0.9559795513595862,0.0013531404230357647,0.001372485396951285,0.0013337954491202443,32,False,False
28.61655712590267,0.9713201348457036,0.9569802022685554,0.0012724830379163175,0.0012790014618403582,0.0012659646139922768,32,False,False
28.64779790879121,0.9720168418482102,0.9580252627723154,0.00113913279993877,0.0011499361002451872,0.0011283294996323526,32,False,False
28.67903869167975,0.9726478973175755,0.9589718459763631,0.001150789730547711,0.0011764086577627803,0.001125170803332642,32,False,False
28.71027947456829,0.9732060627652697,0.9598090941479046,0.0012751122249236805,0.0013041399554060676,0.0012460844944412936,32,False,False
28.74152025745683,0.9737747508981999,0.9606621263472999,0.0013270561899109226,0.001343765216836625,0.00131034716298522,32,False,False
28.77276104034537,0.9744075207385459,0.9616112811078188,0.0012203352833181033,0.0012266451154053077,0.0012140254512308989,32,False,False
28.804001823233907,0.975049399510327,0.9625740992654905,0.0011063529585164412,0.0011204975107967983,0.0010922084062360844,32,False,False
28.83524260612245,0.9756196061109247,0.9634294091663871,0.0011513663223364926,0.0011793986367793384,0.001123334007893647,32,False,False
28.866483389010988,0.9761335656567507,0.9642003484851261,0.001274421964050889,0.0013022745596537033,0.0012465693684480745,32,False,False
28.89772417189953,0.9766727402603698,0.9650091103905546,0.0012939033546833035,0.0013081124382609837,0.001279694271105623,32,False,False
28.928964954788068,0.9772685072033251,0.9659027608049877,0.0011689539105241898,0.0011759060854331107,0.0011620017356152687,32,False,False
28.96020573767661,0.977854678814638,0.9667820182219569,0.0010817807879851772,0.001099447942392765,0.0010641136335775895,32,False,False
28.991446520565148,0.9783687488533325,0.9675531232799989,0.0011550945120140464,0.0011848437252456572,0.0011253452987824355,32,False,False
29.02268730345369,0.9788438734609416,0.9682658101914124,0.001268706671490434,0.001294813356802867,0.0012425999861780013,32,False,False
29.05392808634223,0.9793544580982081,0.9690316871473122,0.001254547844472896,0.0012665999419557972,0.0012424957469899952,32,False,False
29.08516886923077,0.9799106046258199,0.96986590693873,0.001120610419371508,0.0011290220652698628,0.0011121987734731532,32,False,False
29.11640965211931,0.9804415242388346,0.9706622863582519,0.0010651987596107635,0.0010863411486935497,0.0010440563705279772,32,False,False
29.14765043500785,0.9809046450213753,0.9713569675320631,0.0011601145761137497,0.0011908334993160116,0.0011293956529114877,32,False,False
29.17889121789639,0.9813454534173324,0.9720181801259986,0.0012569947500334147,0.0012809325940477138,0.0012330569060191156,32,False,False
29.21013200078493,0.9818274277628319,0.972741141644248,0.001210372271546435,0.0012207943122242494,0.0011999502308686206,32,False,False
29.24137278367347,0.982341738858235,0.9735126082873523,0.0010772764721674617,0.0010878638014765374,0.0010666891428583857,32,False,False
29.272613566562008,0.9828190967889262,0.9742286451833893,0.0010558028083829485,0.0010801627169575129,0.0010314428998083839,32,False,False
29.30385434945055,0.9832365751556541,0.9748548627334811,0.0011646292753125622,0.0011955673927553415,0.001133691157869783,32,False,False
29.335095132339088,0.983646646186921,0.9754699692803814,0.0012387303711093173,0.0012602504750100366,0.0012172102672085982,32,False,False
29.36633591522763,0.9840992871944539,0.9761489307916807,0.0011631769346559782,0.001172640078997117,0.0011537137903148394,32,False,False
29.39757669811617,0.9845702262357136,0.9768553393535704,0.001040445265773753,0.0010537678654537537,0.0010271226660937523,32,False,False
29.42881748100471,0.9849967508349923,0.9774951262524885,0.0010523351781171473,0.0010794779332265654,0.0010251924230077292,32,False,False
29.46005826389325,0.9853737101336973,0.9780605652005461,0.0011669985585427752,0.001197445264648631,0.0011365518524369194,32,False,False
29.49129904678179,0.9857556721749695,0.9786335082624543,0.0012138241041333361,0.0012328689724480993,0.0011947792358185728,32,False,False
29.52253982967033,0.9861778306256097,0.9792667459384146,0.0011150281839835824,0.0011242939352409192,0.0011057624327262454,32,False,False
29.55378061255887,0.9866047207942076,0.9799070811913112,0.0010110154812273003,0.0010274376987477341,0.0009945932637068665,32,False,False
29.58502139544741,0.9869839182628507,0.9804758773942761,0.0010532398027160122,0.0010825966929452133,0.0010238829124868114,32,False,False
29.61626217833595,0.987325061978039,0.9809875929670586,0.0011658123081902427,0.0011951354334102094,0.001136489182970276,32,False,False
29.64750296122449,0.9876806506944155,0.9815209760416231,0.0011826817397531542,0.001199391135459793,0.0011659723440465156,32,False,False
29.67874374411303,0.9880710377670309,0.9821065566505462,0.001068069335251324,0.0010779264447739914,0.0010582122257286565,32,False,False
29.70998452700157,0.9884541392928771,0.9826812089393155,0.0009892499879911392,0.0010089224903079021,0.0009695774856743762,32,False,False
29.74122530989011,0.98879000679039,0.983185010185585,0.0010568160942555334,0.0010877314388170135,0.0010259007496940533,32,False,False
29.77246609277865,0.989099453737231,0.9836491806058464,0.0011599491484062612,0.0011876286174742636,0.0011322696793382586,32,False,False
29.80370687566719,0.9894296280325223,0.9841444420487836,0.001146198668404521,0.0011609014988261206,0.0011314958379829213,32,False,False
29.83494765855573,0.9897870848981589,0.9846806273472384,0.001024317836664289,0.0010355166384459875,0.0010131190348825901,32,False,False
29.86618844144427,0.9901275719224906,0.9851913578837359,0.0009748082207252667,0.0009976698591685745,0.0009519465822819589,32,False,False
29.89742922433281,0.9904243163673779,0.9856364745510668,0.001061353509191244,0.0010931315095788758,0.001029575508803612,32,False,False
29.92867000722135,0.9907055057486241,0.9860582586229362,0.0011486277098755617,0.0011742839161350631,0.0011229715036160605,32,False,False
29.95991079010989,0.9910106096030405,0.9865159144045608,0.0011057094427102925,0.001118900317077935,0.00109251856834265,32,False,False
29.99115157299843,0.9913343348606521,0.9870015022909782,0.0009854765932199353,0.0009986680415439606,0.0009722851448959098,32,False,False
30.02239235588697,0.9916341873693449,0.9874512810540175,0.0009668389496386765,0.000992636398085146,0.0009410415011922069,32,False,False
30.05363313877551,0.9918959749761348,0.9878439624642021,0.0010652383608443531,0.0010971868486903777,0.0010332898729983287,32,False,False
30.08487392166405,0.9921516355672709,0.9882274533509063,0.0011314517789793234,0.0011548675555845518,0.001108036002374095,32,False,False
30.11611470455259,0.9924315907845896,0.9886473861768845,0.0010628887488923573,0.0010751896636407507,0.001050587834143964,32,False,False
30.147355487441132,0.9927213059486729,0.9890819589230093,0.0009527856754573876,0.0009684717626136206,0.0009370995883011544,32,False,False
30.17859627032967,0.99298314032528,0.98947471048792,0.0009641120181228206,0.000992432764073421,0.0009357912721722203,32,False,False
30.20983705321821,0.9932138931973516,0.9898208397960275,0.0010670330062885808,0.0010985026602216774,0.0010355633523554842,32,False,False
30.24107783610675,0.9934460687608837,0.9901691031413256,0.0011084448164077403,0.0011295791258913222,0.0010873105069241584,32,False,False
30.27231861899529,0.9937005810684091,0.9905508716026137,0.0010196091558821673,0.0010317189427608898,0.001007499369003445,32,False,False
30.30355940188383,0.9939566225466828,0.9909349338200242,0.0009269335600334261,0.0009454340689510138,0.0009084330511158384,32,False,False
30.33480018477237,0.9941834879272567,0.9912752318908851,0.0009651649210154912,0.0009954783550697127,0.0009348514869612697,32,False,False
30.36604096766091,0.9943867357028874,0.991580103554331,0.0010655334601495567,0.0010959520954156449,0.0010351148248834686,32,False,False
30.39728175054945,0.9945968574955852,0.9918952862433779,0.0010800647474179881,0.001099055805534254,0.0010610736893017225,32,False,False
30.42852253343799,0.9948256169431429,0.9922384254147143,0.0009777702803361308,0.000990406503934535,0.0009651340567377264,32,False,False
30.45976331632653,0.9950489525665636,0.9925734288498453,0.0009080363579441248,0.0009294744237594232,0.0008865982921288265,32,False,False
30.491004099215072,0.995244119462449,0.9928661791936735,0.00096844268273822,0.0010001442540848386,0.0009367411113916016,32,False,False
30.52224488210361,0.9954229072714217,0.9931343609071325,0.0010598135744054064,0.0010887154942918274,0.0010309116545189855,32,False,False
30.553485664992152,0.9956119034249804,0.9934178551374707,0.0010471883524799661,0.0010643441556976829,0.0010300325492622494,32,False,False
30.58472644788069,0.9958147604924781,0.9937221407387171,0.000939121133987401,0.0009529605554892058,0.0009252817124855963,32,False,False
30.615967230769233,0.9960069379439945,0.9940104069159919,0.0008956814427799693,0.0009199876848516055,0.0008713752007083331,32,False,False
30.64720801365777,0.996173701482736,0.9942605522241039,0.0009724163422810224,0.0010048707773004269,0.000939961907261618,32,False,False
30.67844879654631,0.9963305507494739,0.9944958261242107,0.0010492618495078101,0.0010763120064956617,0.0010222116925199588,32,False,False
30.70968957943485,0.9964989810431657,0.9947484715647484,0.001011057238823527,0.0010268324805378637,0.0009952819971091903,32,False,False
30.74093036232339,0.99667608271539,0.9950141240730849,0.0009050999761498992,0.000920724147514458,0.0008894758047853404,32,False,False
30.77217114521193,0.9968391245950059,0.995258686892509,0.0008890218214886537,0.0009159544132980431,0.0008620892296792643,32,False,False
30.80341192810047,0.996980638595739,0.9954709578936085,0.0009756736075332262,0.0010082546139797816,0.000943092601086671,32,False,False
30.834652710989012,0.9971175543652673,0.9956763315479009,0.001033612517750184,0.001058624595589323,0.001008600439911045,32,False,False
30.86589349387755,0.9972657575889307,0.9958986363833959,0.0009731831936014936,0.000988143199114459,0.0009582231880885282,32,False,False
30.897134276766092,0.9974176327365485,0.9961264491048227,0.0008767138656834761,0.000894565748497034,0.0008588619828699181,32,False,False
30.92837505965463,0.9975538974341083,0.9963308461511624,0.0008869009438491474,0.0009160773511959675,0.0008577245365023273,32,False,False
30.959615842543172,0.9976730488521754,0.9965095732782633,0.000976983148539606,0.001009108398605673,0.0009448578984735391,32,False,False
30.99085662543171,0.9977915657604924,0.9966873486407386,0.0010129670395407954,0.0010359138944644034,0.0009900201846171873,32,False,False
31.022097408320253,0.9979198059846777,0.9968797089770166,0.000935218941272746,0.000949993189336091,0.0009204446932094009,32,False,False
31.05333819120879,0.9980473959427579,0.997071093914137,0.0008544729542571525,0.0008748287976303595,0.0008341171108839456,32,False,False
31.08457897409733,0.9981594246317921,0.9972391369476881,0.0008879863632459323,0.0009189218273651142,0.0008570508991267503,32,False,False
31.11581975698587,0.9982587518441113,0.997388127766167,0.0009753387891821147,0.001006499928279151,0.0009441776500850786,32,False,False
31.14706053987441,0.9983600099913778,0.9975400149870666,0.0009877984457880445,0.0010088130054627575,0.0009667838861133316,32,False,False
31.17830132276295,0.998468608203774,0.997702912305661,0.0008988079133503777,0.0009140374949036059,0.0008835783317971496,32,False,False
31.20954210565149,0.9985732453520427,0.9978598680280641,0.0008383850033951902,0.0008613434179843933,0.0008154265888059873,32,False,False
31.240782888540032,0.9986636135981056,0.9979954203971585,0.000890893578439285,0.0009230417254357192,0.0008587454314428509,32,False,False
31.27202367142857,0.9987452672662215,0.9981179008993321,0.0009699914313496499,0.000999779212551587,0.0009402036501477128,32,False,False
31.303264454317112,0.9988301086174255,0.9982451629261381,0.0009589297154831786,0.0009782946921217438,0.0009395647388446134,32,False,False
31.33450523720565,0.9989195477993708,0.9983793216990563,0.0008654323684140709,0.0008817169242031271,0.0008491478126250148,32,False,False
31.365746020094193,0.9990028910201708,0.9985043365302562,0.0008280050247708769,0.0008534927392663346,0.0008025173102754193,32,False,False
31.39698680298273,0.999074079563303,0.9986111193449545,0.0008942880056849814,0.0009270799799688442,0.0008614960314011185,32,False,False
31.428227585871273,0.9991398215968461,0.9987097323952692,0.0009604743041622929,0.0009885987331423591,0.0009323498751822267,32,False,False
31.45946836875981,0.9992088969796719,0.9988133454695078,0.0009274800079569161,0.0009456057140800716,0.0009093543018337606,32,False,False
31.490709151648353,0.9992798918745122,0.9989198378117683,0.0008362806241390174,0.0008541305941821367,0.0008184306540958982,32,False,False
31.52194993453689,0.9993438320274315,0.9990157480411471,0.0008225266142013515,0.0008503182880319853,0.0007947349403707177,32,False,False
31.55319071742543,0.9993981263178552,0.9990971894767828,0.0008969604510342709,0.0009298403133847667,0.0008640805886837752,32,False,False
31.584431500313972,0.9994493605696834,0.9991740408545251,0.000946623073047584,0.0009729278850167263,0.0009203182610784418,32,False,False
31.61567228320251,0.9995032370046536,0.9992548555069803,0.0008947777500264342,0.0009121687754343707,0.0008773867246184979,32,False,False
31.646913066091052,0.9995567642507336,0.9993351463761005,0.0008121515997510553,0.0008319509121137135,0.0007923522873883971,32,False,False
31.67815384897959,0.9996033147229048,0.9994049720843572,0.0008208964552525379,0.0008506445250981124,0.0007911483854069635,32,False,False
31.709394631868133,0.9996427377795817,0.9994641066693725,0.000897878243669626,0.0009303336370461139,0.0008654228502931381,32,False,False
31.74063541475667,0.9996805651301166,0.9995208476951748,0.0009285875966725593,0.0009530578022015288,0.0009041173911435896,32,False,False
31.771876197645213,0.9997198234374242,0.9995797351561363,0.0008622465579948275,0.0008794597630554997,0.0008450333529341553,32,False,False
31.80311698053375,0.9997571127345584,0.9996356691018375,0.0007934082598382505,0.0008153910202804713,0.0007714254993960297,32,False,False
31.834357763422293,0.9997882996849126,0.9996824495273688,0.0008219329794046903,0.0008532030191585026,0.0007906629396508781,32,False,False
31.86559854631083,0.9998145785602305,0.9997218678403457,0.0008962182103472575,0.0009278061599236799,0.0008646302607708351,32,False,False
31.896839329199373,0.9998398685851858,0.9997598028777788,0.0009068289651660822,0.000929589923715737,0.0008840680066164272,32,False,False
31.928080112087912,0.9998651822949096,0.9997977734423644,0.0008312763363092191,0.0008488741379858438,0.0008136785346325944,32,False,False
31.959320894976454,0.9998876740041979,0.9998315110062966,0.000779982970366395,0.0008042256206194846,0.0007557403201133054,32,False,False
31.990561677864992,0.9999054385550014,0.9998581578325021,0.0008244334585882042,0.0008567408880134813,0.000792126029162927,32,False,False
32.021802460753534,0.9999200015115909,0.9998800022673864,0.0008913886017990658,0.000921756629867003,0.0008610205737311287,32,False,False
32.05304324364207,0.9999334727155841,0.9999002090733761,0.0008820947711848683,0.000903401504513951,0.0008607880378557855,32,False,False
32.08428402653061,0.999945661428311,0.9999184921424665,0.0008030961767389637,0.000821600070248069,0.0007845922832298585,32,False,False
32.11552480941915,0.9999549396789976,0.9999324095184965,0.000771428987209536,0.0007978572162583289,0.0007450007581607432,32,False,False
32.146765592307695,0.9999610607437676,0.9999415911156513,0.0008272597536635889,0.0008601047028040879,0.0007944148045230898,32,False,False
32.17800637519623,0.9999650602187447,0.999947590328117,0.0008830450789654259,0.0009119476231891073,0.0008541425347417446,32,False,False
32.20924715808477,0.9999673608061806,0.9999510412092708,0.0008553678738513542,0.0008755841709308866,0.0008351515767718217,32,False,False
32.24048794097331,0.9999674142101496,0.9999511213152243,0.000778666545114965,0.0007985159593116088,0.0007588171309183211,32,True,False
32.271728723861855,0.9999651266519676,0.9999476899779514,0.0007670053521738579,0.0007954132059822607,0.000738597498365455,32,False,False
32.302969506750394,0.9999611691302338,0.9999417536953509,0.0008293996771447161,0.0008622980496512093,0.0007965013046382231,32,False,False
32.33421028963893,0.9999555244712154,0.9999332867068232,0.0008711020839165615,0.0008984117158689033,0.0008437924519642198,32,False,False
32.36545107252747,0.9999473059403815,0.9999209589105723,0.0008277886571605089,0.0008473568134830466,0.0008082205008379713,32,False,False
32.396691855416016,0.9999363783170351,0.9999045674755527,0.0007586053256301013,0.0007801261904531842,0.0007370844608070185,32,False,False
32.427932638304554,0.9999241539164444,0.9998862308746665,0.0007657788847001716,0.0007958563478032122,0.0007357014215971311,32,False,False
32.45917342119309,0.9999114433263087,0.999867164989463,0.0008300064912836564,0.0008625164091976216,0.0007974965733696914,32,False,False
32.49041420408163,0.9998968968270328,0.9998453452405491,0.000855737081817916,0.0008814495254991807,0.0008300246381366512,32,False,False
32.52165498697017,0.9998788735149396,0.9998183102724094,0.0008005564573605749,0.0008199599510863971,0.0007811529636347526,32,False,False
32.552895769858715,0.9998582521959433,0.999787378293915,0.0007431565231015121,0.0007665424741311578,0.0007197705720718664,32,False,False
32.58413655274725,0.9998376271041192,0.9997564406561786,0.0007667269154824914,0.0007980918751614544,0.0007353619558035283,32,False,False
32.61537733563579,0.9998172488169002,0.9997258732253502,0.0008284224676533143,0.0008601660486392088,0.0007966788866674198,32,False,False
32.64661811852433,0.999794428492499,0.9996916427387486,0.0008373824380810324,0.0008616141710065591,0.0008131507051555058,32,False,False
32.677858901412876,0.9997674177180587,0.999651126577088,0.0007748211619633678,0.000794543842759308,0.0007550984811674278,32,False,False
32.709099684301414,0.9997384719881834,0.9996077079822753,0.000732202817994756,0.0007575100846082538,0.0007068955513812582,32,False,False
32.74034046718995,0.9997108309689272,0.9995662464533908,0.0007688278512125237,0.0008010587427330467,0.0007365969596920006,32,False,False
32.77158125007849,0.999683650232067,0.9995254753481004,0.0008241928091223963,0.0008548735044787197,0.0007935121137660729,32,False,False
32.802822032967036,0.9996531329133468,0.9994796993700201,0.0008166994713111361,0.0008396769410046949,0.0007937220016175775,32,False,False
32.834062815855575,0.9996180725662303,0.9994271088493455,0.0007515790186587489,0.0007720651470702834,0.0007310928902472143,32,False,False
32.86530359874411,0.9995821914427112,0.9993732871640668,0.0007253160099230331,0.0007524711211080297,0.0006981608987380365,32,False,False
32.89654438163265,0.9995487292467257,0.9993230938700887,0.0007711318418948293,0.0008037981866993384,0.0007384654970903203,32,False,False
32.92778516452119,0.9995154270694911,0.9992731406042369,0.0008170744566068232,0.0008464900149172114,0.0007876588982964348,32,False,False
32.959025947409735,0.9994777957628371,0.9992166936442557,0.0007945312009603586,0.0008165714406416243,0.0007724909612790929,32,False,False
32.99026673029827,0.9994357388717688,0.9991536083076534,0.0007315870732533471,0.0007532065903298223,0.000709967556176872,32,False,False
33.02150751318681,0.9993942667657055,0.9990914001485581,0.0007218337233058268,0.00075065159477955,0.0006930158518321035,32,False,False
33.05274829607535,0.9993559707707077,0.9990339561560615,0.00077280969363589,0.0008054988642107127,0.0007401205230610674,32,False,False
33.083989078963896,0.9993170902961417,0.9989756354442124,0.0008070409113847927,0.0008350916180391198,0.0007789902047304657,32,False,False
33.115229861852434,0.9992729804513232,0.9989094706769847,0.0007718344497027044,0.0007933179977179996,0.0007503509016874094,32,False,False
33.14647064474097,0.9992250690736819,0.9988376036105229,0.0007153076749701277,0.0007383303671857202,0.0006922849827545352,32,False,False
33.17771142762951,0.9991792475715316,0.9987688713572975,0.0007209482469570164,0.0007511572541757372,0.0006907392397382956,32,False,False
33.208952210518056,0.9991369004299416,0.9987053506449124,0.0007731826964022751,0.0008055222552081014,0.0007408431375964488,32,False,False
33.240192993406595,0.9990928983917181,0.9986393475875773,0.0007942810589210204,0.000820972494886645,0.0007675896229553957,32,False,False
33.27143377629513,0.999043028855339,0.9985645432830086,0.0007495965671838443,0.0007709348289870322,0.0007282583053806565,32,False,False
33.30267455918367,0.9989904521149436,0.9984856781724154,0.0007028894045199923,0.0007274703004909108,0.0006783085085490738,32,False,False
33.33391534207222,0.9989413742795802,0.9984120614193703,0.0007217937641431704,0.0007530641635452801,0.0006905233647410607,32,False,False
33.365156124960755,0.9988955734771072,0.9983433602156608,0.0007717387200111355,0.0008034143537637566,0.0007400630862585143,32,False,False
33.396396907849294,0.9988468715612498,0.9982703073418748,0.0007791878119395573,0.0008046272189864182,0.0007537484048926965,32,False,False
33.42763769073783,0.9987920576143097,0.9981880864214644,0.0007287462599751494,0.0007503464912000979,0.0007071460287502009,32,False,False
33.45887847362637,0.9987360004548019,0.9981040006822027,0.0006941843348447579,0.0007203610090481933,0.0006680076606413223,32,False,False
33.490119256514916,0.9986845815842057,0.9980268723763086,0.0007235214707785558,0.0007554939369243851,0.0006915490046327265,32,False,False
33.521360039403454,0.9986357717456386,0.9979536576184578,0.00076814004642187,0.0007989093577625022,0.0007373707350812377,32,False,False
33.55260082229199,0.9985828030748735,0.9978742046123102,0.0007623323661420452,0.0007867179517162886,0.0007379467805678019,32,False,False
33.58384160518053,0.9985239509681051,0.9977859264521577,0.0007100702075724766,0.0007323018682668684,0.0006878385468780848,32,False,False
33.61508238806908,0.9984655409086564,0.9976983113629846,0.0006887956600423146,0.0007164964699406737,0.0006610948501439555,32,False,False
33.646323170957615,0.9984125070978586,0.997618760646788,0.0007253566685921442,0.0007576685577574915,0.0006930447794267971,32,False,False
33.67756395384615,0.9983610204612186,0.9975415306918279,0.0007622267283444789,0.0007919290106907006,0.0007325244459982572,32,False,False
33.70880473673469,0.9983042670148397,0.9974564005222596,0.0007444217091721755,0.0007680248863039683,0.0007208185320403828,32,False,False
33.74004551962324,0.9982423516036615,0.9973635274054923,0.0006941470024683562,0.000717313172604718,0.0006709808323319945,32,False,False
33.771286302511776,0.9981826104035022,0.9972739156052531,0.0006861453961707579,0.0007152063631317105,0.0006570844292098052,32,False,False
33.802527085400314,0.9981285039649853,0.9971927559474781,0.0007266367919624058,0.0007589447422563308,0.0006943288416684808,32,False,False
33.83376786828885,0.998074604481474,0.9971119067222108,0.0007540164706678576,0.0007825782505612273,0.0007254546907744879,32,False,False
33.86500865117739,0.9980146221321644,0.9970219331982466,0.0007262404372369428,0.0007493819480782888,0.0007030989263955969,32,False,False
33.896249434065936,0.9979506512500378,0.9969259768750567,0.00068130722356351,0.0007056240671543789,0.000656990379972641,32,False,False
33.927490216954475,0.9978904570530815,0.9968356855796224,0.0006855500927322437,0.000715737374222914,0.0006553628112415734,32,False,False
33.95873099984301,0.9978356561431316,0.9967534842146974,0.0007268330848608756,0.0007588314470664369,0.0006948347226553141,32,False,False
33.98997178273155,0.9977795829612056,0.9966693744418084,0.0007436994121271493,0.000771135221798695,0.0007162636024556034,32,False,False
34.0212125656201,0.9977170120063477,0.9965755180095214,0.0007085817512894117,0.000731603639241433,0.0006855598633373904,32,False,False
34.052453348508635,0.997651982762811,0.9964779741442166,0.0006716239328686036,0.0006972099951017134,0.000646037870635494,32,False,False
34.08369413139717,0.9975920463174269,0.9963880694761406,0.0006862933121580775,0.0007173280759133616,0.0006552585484027935,32,False,False
34.11493491428571,0.9975367950945492,0.9963051926418239,0.0007255606035382597,0.0007569957753970163,0.0006941254316795031,32,False,False
34.14617569717426,0.9974788016317279,0.996218202447592,0.0007316246441066297,0.000758032387519625,0.0007052169006936344,32,False,False
34.177416480062796,0.9974143621991033,0.9961215432986551,0.000692175647283981,0.0007154118599101934,0.0006689394346577687,32,False,False
34.208657262951334,0.9973492151786921,0.9960238227680382,0.0006649326461775155,0.0006918083195192472,0.0006380569728357837,32,False,False
34.23989804583987,0.9972900715106282,0.9959351072659424,0.0006876865111987448,0.0007192694345833654,0.0006561035878141241,32,False,False
34.27113882872842,0.9972345167642072,0.9958517751463106,0.0007225812388134388,0.0007532621805654606,0.0006919002970614169,32,False,False
34.302379611616956,0.9971749021234776,0.9957623531852164,0.0007182753603996736,0.0007438258763564508,0.0006927248444428965,32,False,False
34.333620394505495,0.9971093755176935,0.9956640632765403,0.0006776238921962313,0.0007013726916780918,0.0006538750927143708,32,False,False
34.36486117739403,0.9970449527571795,0.9955674291357692,0.0006608750339329901,0.0006889711351479986,0.0006327789327179815,32,False,False
34.39610196028257,0.9969869676113108,0.9954804514169662,0.0006891139972414244,0.0007209473835364968,0.000657280610946352,32,False,False
34.42734274317112,0.9969311978836375,0.9953967968254562,0.0007178028634204739,0.0007476079640221641,0.0006879977628187837,32,False,False
34.458583526059655,0.9968703280695124,0.9953054921042684,0.0007042312695094578,0.0007291522724479739,0.0006793102665709417,32,False,False
34.489824308948194,0.9968045267721003,0.9952067901581504,0.0006653507929609704,0.000689852001467931,0.0006408495844540097,32,False,False
34.52106509183673,0.9967415384593113,0.995112307688967,0.0006589574381215639,0.0006881307660949759,0.000629784110148152,32,False,False
34.55230587472528,0.9966849272082919,0.9950273908124379,0.0006900615518372606,0.0007218679338413787,0.0006582551698331426,32,False,False
34.583546657613816,0.9966290108125723,0.9949435162188583,0.0007112754822614978,0.0007401556772436629,0.0006823952872793328,32,False,False
34.614787440502354,0.9965673280893762,0.9948509921340641,0.000690119626038263,0.0007146749993553226,0.0006655642527212034,32,False,False
34.64602822339089,0.9965020584770263,0.9947530877155394,0.0006555763084371152,0.0006809957339055341,0.0006301568829686964,32,False,False
34.67726900627944,0.9964410617436007,0.994661592615401,0.0006586141169693128,0.0006886672841091559,0.0006285609498294696,32,False,False
34.70850978916798,0.99638591745118,0.9945788761767699,0.0006901313479132194,0.0007216682090041234,0.0006585944868223152,32,False,False
34.739750572056515,0.9963299363017456,0.9944949044526183,0.0007031831349475313,0.0007311609389059609,0.0006752053309891017,32,False,False
34.77099135494505,0.9962679561413519,0.9944019342120278,0.0006765593008860567,0.0007010255292551487,0.0006520930725169647,32,False,False
34.80223213783359,0.996203978791525,0.9943059681872876,0.0006483141118368414,0.000674736425226551,0.0006218917984471318,32,False,False
34.83347292072214,0.996145370089257,0.9942180551338855,0.00065926619547398,0.0006899689864670666,0.0006285634044808934,32,False,False
34.864713703610676,0.9960916970075259,0.994137545511289,0.0006890471586061612,0.0007201178898852447,0.0006579764273270777,32,False,False
34.895954486499214,0.9960357737540962,0.9940536606311443,0.0006938292463642595,0.0007209933185374246,0.0006666651741910945,32,False,False
34.92719526938775,0.9959740700789128,0.9939611051183691,0.000664104559087893,0.0006887466959508376,0.0006394624222249484,32,False,False
34.9584360522763,0.9959120626491926,0.993868093973789,0.0006433929844791699,0.0006708230805232424,0.0006159628884350974,32,False,False
34.989676835164836,0.9958560833360952,0.9937841250041429,0.0006603698464719529,0.0006914797733798826,0.0006292599195640232,32,False,False
35.020917618053375,0.995803832210572,0.993705748315858,0.0006866537453235561,0.0007171151301412768,0.0006561923605058355,32,False,False
35.05215840094191,0.9957481487834817,0.9936222231752226,0.0006836132925012964,0.00071010838745462,0.0006571181975479729,32,False,False
35.08339918383046,0.9956873295025245,0.9935309942537867,0.0006531961891600646,0.0006782459876457765,0.0006281463906743527,32,False,False
35.114639966719,0.9956278565657777,0.9934417848486665,0.0006404961609933951,0.0006688678858973032,0.000612124436089487,32,False,False
35.145880749607535,0.9955746097902134,0.9933619146853202,0.0006614506435048207,0.0006927310595867278,0.0006301702274229135,32,False,False
35.17712153249607,0.9955237117645127,0.9932855676467691,0.0006829129174582899,0.0007126793530485068,0.0006531464818680731,32,False,False
35.20836231538461,0.9954685181361681,0.9932027772042521,0.0006729981776042874,0.0006990108265071557,0.000646985528701419,32,False,False
35.23960309827316,0.9954091940959054,0.993113791143858,0.0006441267932525729,0.0006697654006784514,0.0006184881858266945,32,False,False
35.270843881161696,0.9953526871190359,0.9930290306785539,0.0006392109763973281,0.0006684012652048707,0.0006100206875897855,32,False,False
35.302084664050234,0.9953021630545521,0.992953244581828,0.0006621241777243755,0.000693359071989298,0.000630889283459453,32,False,False
35.33332544693877,0.9952525595514166,0.9928788393271248,0.0006778969718310334,0.0007069414371373904,0.0006488525065246764,32,False,False
35.36456622982732,0.9951981723244496,0.9927972584866744,0.0006624699136834429,0.0006882108219082531,0.0006367290054586325,32,False,False
35.395807012715856,0.9951409235629377,0.9927113853444066,0.0006370247847519662,0.000663371745141818,0.0006106778243621146,32,False,False
35.427047795604395,0.995087672652256,0.9926315089783839,0.000639080571524539,0.000668926633350618,0.00060923450969846,32,False,False
35.45828857849293,0.9950397786703781,0.992559668005567,0.0006621053513383755,0.0006931105842852997,0.0006311001183914513,32,False,False
35.48952936138148,0.9949914452485853,0.9924871678728779,0.000671778629113077,0.0007001302452982565,0.0006434270129278976,32,False,False
35.52077014427002,0.9949382365990062,0.9924073548985094,0.0006524935035634124,0.0006781782662159026,0.0006268087409109222,32,False,False
35.552010927158555,0.9948835800370279,0.992325370055542,0.0006318583501064616,0.0006589677119681888,0.0006047489882447344,32,False,False
35.583251710047094,0.9948337374333093,0.992250606149964,0.000639650567459513,0.0006699678048692942,0.0006093333300497319,32,False,False
35.61449249293564,0.9947883298383627,0.9921824947575442,0.0006612097283558452,0.0006918408702079006,0.0006305785865037898,32,False,False
35.64573327582418,0.994741292638356,0.9921119389575338,0.0006648158839131802,0.0006925539157448166,0.0006370778520815438,32,False,False
35.676974058712716,0.9946896711013983,0.9920345066520975,0.0006434704984472828,0.0006693006496859699,0.0006176403472085958,32,False,False
35.708214841601254,0.9946380334713641,0.9919570502070464,0.0006284572424759252,0.0006563205322817548,0.0006005939526700957,32,False,False
35.73945562448979,0.9945916273309258,0.9918874409963887,0.000640505918728192,0.0006711046794398063,0.0006099071580165777,32,False,False
35.77069640737834,0.9945485416872885,0.9918228125309329,0.0006593500712024226,0.0006895071443427024,0.0006291929980621429,32,False,False
35.80193719026688,0.9945028856793913,0.991754328519087,0.0006573305164643127,0.0006845748834693058,0.0006300861494593196,32,False,False
35.833177973155415,0.9944532711507748,0.9916799067261622,0.0006357041108869978,0.0006618506057627442,0.0006095576160112514,32,False,False
35.86441875604395,0.9944049700985033,0.991607455147755,0.0006265474989754786,0.0006551024064595259,0.0005979925914914315,32,False,False
35.8956595389325,0.9943619260514632,0.9915428890771949,0.0006412959411611291,0.0006719958178726565,0.0006105960644496017,32,False,False
35.92690032182104,0.9943210037424915,0.9914815056137375,0.0006565300548065894,0.0006861594244185924,0.0006269006851945863,32,False,False
35.958141104709576,0.9942768726121001,0.9914153089181501,0.0006496802847196501,0.0006765790598079555,0.0006227815096313446,32,False,False
35.989381887598114,0.9942296685961644,0.9913445028942466,0.0006293768085854007,0.0006559677416099661,0.0006027858755608353,32,False,False
36.02062267048666,0.9941849036483715,0.9912773554725575,0.0006257926258007819,0.0006549356247893281,0.0005966496268122357,32,False,False
36.0518634533752,0.9941450710808599,0.9912176066212899,0.000641748020771309,0.0006723890596620142,0.0006111069818806038,32,False,False
36.083104236263736,0.9941061804074866,0.9911592706112298,0.0006528357330178662,0.0006819292507965867,0.0006237422152391457,32,False,False
36.114345019152275,0.9940637685732927,0.991095652859939,0.0006422265639417909,0.0006689414291896732,0.0006155116986939085,32,False,False
36.14558580204081,0.9940193350032961,0.9910290025049442,0.0006245432253273385,0.0006516569688797466,0.0005974294817749303,32,False,False
36.17682658492936,0.9939781887007371,0.9909672830511055,0.0006258347042334048,0.0006554355891021564,0.0005962338193646532,32,False,False
36.2080673678179,0.9939413686505562,0.9909120529758343,0.0006416721835413785,0.0006721228857188467,0.0006112214813639104,32,False,False
36.239308150706435,0.9939044194182968,0.9908566291274452,0.0006484242317293613,0.0006770156420460885,0.0006198328214126342,32,False,False
36.270548933594974,0.9938639573638053,0.990795936045708,0.0006353008161930262,0.0006619918776910842,0.0006086097546949684,32,False,False
36.30178971648352,0.9938225871705031,0.9907338807557545,0.0006211385546257812,0.0006488026834423446,0.0005934744258092178,32,False,False
36.33303049937206,0.993785035358982,0.9906775530384729,0.0006263300430046776,0.00065624648751559,0.0005964135984937652,32,False,False
36.364271282260596,0.993751007250195,0.9906265108752924,0.0006409593435517118,0.000671121663367187,0.0006107970237362366,32,False,False
36.395512065149134,0.9937159583685636,0.9905739375528455,0.0006435087214627775,0.0006716673786926992,0.0006153500642328559,32,False,False
36.42675284803768,0.9936776931166982,0.9905165396750474,0.0006291742532676843,0.0006559858529082434,0.0006023626536271252,32,False,False
36.45799363092622,0.9936395951247748,0.9904593926871623,0.0006189999471851758,0.0006471954770408361,0.0005908044173295156,32,False,False
36.489234413814756,0.9936055243834602,0.9904082865751901,0.0006269760382854958,0.0006570666886457599,0.0005968853879252317,32,False,False
36.520475196703295,0.993574069402171,0.9903611041032565,0.0006395756929427119,0.0006693873482151764,0.0006097640376702473,32,False,False
36.55171597959184,0.9935409295473315,0.9903113943209974,0.0006383391514977487,0.0006661612990244082,0.0006105170039710893,32,False,False
36.58295676248038,0.993505102616782,0.9902576539251731,0.0006240350005142536,0.0006510841150975085,0.0005969858859309986,32,False,False
36.61419754536892,0.9934703924053642,0.9902055886080462,0.0006178964983402683,0.0006465662776565125,0.000589226719024024,32,False,False
36.645438328257455,0.9934396219902336,0.9901594329853505,0.0006275281237853227,0.0006576632808594674,0.0005973929667111781,32,False,False
36.676679111145994,0.9934105415821209,0.9901158123731816,0.0006375547837627225,0.0006669891570217222,0.0006081204105037229,32,False,False
36.70791989403454,0.9933793634690097,0.9900690452035146,0.0006331792545119326,0.0006607774387221075,0.0006055810703017578,32,False,False
36.73916067692308,0.9933461889209599,0.99001928338144,0.0006199760190178019,0.000647344493357926,0.0005926075446776778,32,False,False
36.770401459811616,0.9933148881484105,0.9899723322226157,0.0006175624979460733,0.00064662217354366,0.0005885028223484865,32,False,False
36.801642242700154,0.9932871936766009,0.9899307905149014,0.0006278076090134234,0.0006578770896755583,0.0005977381283512886,32,False,False
36.8328830255887,0.9932603223043422,0.9898904834565133,0.0006349877857632283,0.0006640516099688839,0.0006059239615575727,32,False,False
36.86412380847724,0.9932311915984432,0.989846787397665,0.0006282816348227914,0.000655773176591493,0.00060079009305409,32,False,False
36.89536459136578,0.9932008367241277,0.9898012550861915,0.0006169951788282184,0.0006447264648528962,0.0005892638928035405,32,False,False
36.926605374254315,0.993172880295209,0.9897593204428136,0.0006177288975750985,0.0006470787787045799,0.000588379016445617,32,False,False
36.95784615714286,0.9931480166263412,0.9897220249395119,0.0006277023536170559,0.0006576205367368326,0.0005977841704972791,32,False,False
36.9890869400314,0.9931232285078565,0.9896848427617847,0.0006320116935071363,0.0006607406750300533,0.0006032827119842193,32,False,False
37.02032772291994,0.9930962488500358,0.9896443732750536,0.0006238637877804434,0.0006513594949000072,0.0005963680806608796,32,False,False
37.051568505808476,0.9930688196488985,0.9896032294733476,0.0006150067492032179,0.0006431071406477787,0.000586906357758657,32,False,False
37.082809288697014,0.9930440691694855,0.9895661037542283,0.0006181491389975233,0.0006476854766908435,0.0005886128013042031,32,False,False
37.11405007158556,0.9930217904448021,0.9895326856672032,0.0006271625671289299,0.0006568708733919022,0.0005974542608659574,32,False,False
37.1452908544741,0.9929990004786017,0.9894985007179024,0.0006287950892185676,0.0006572476840208766,0.0006003424944162586,32,False,False
37.176531637362636,0.9929742764534284,0.9894614146801425,0.0006200883463525844,0.0006476827264491037,0.000592493966256065,32,False,False
37.207772420251175,0.9929498093472283,0.9894247140208424,0.0006138616419666711,0.0006423053501902637,0.0005854179337430783,32,False,False
37.23901320313972,0.9929280707084202,0.9893921060626304,0.0006186172304901007,0.0006482418201010807,0.0005889926408791206,32,False,False
37.27025398602826,0.9929081461434404,0.9893622192151607,0.0006261936434440523,0.0006556607811874648,0.0005967265057006398,32,False,False
37.3014947689168,0.9928873056372512,0.9893309584558769,0.0006255215192511891,0.0006537712500008819,0.0005972717885014964,32,False,False
37.332735551805335,0.9928649257068933,0.9892973885603399,0.0006170504633466018,0.000644814540437697,0.0005892863862555065,32,False,False
37.36397633469388,0.9928433860461986,0.989265079069298,0.0006133725141188692,0.000642109453945555,0.0005846355742921834,32,False,False
37.39521711758242,0.992824428755009,0.9892366431325135,0.0006189777039906591,0.0006486051859873954,0.0005893502219939227,32,False,False
37.42645790047096,0.9928066534310848,0.9892099801466273,0.0006248472142603265,0.000654067504691235,0.000595626923829418,32,False,False
37.457698683359496,0.9927877415986816,0.9891816123980223,0.0006223713552188842,0.0006504982893556287,0.0005942444210821397,32,False,False
37.488939466248034,0.9927677629922135,0.9891516444883203,0.0006147741275153353,0.0006427515931606015,0.0005867966618700691,32,False,False
37.52018024913658,0.9927490499846185,0.9891235749769278,0.0006133394906363527,0.0006423044154055066,0.0005843745658671988,32,False,False
37.55142103202512,0.992732625994082,0.9890989389911229,0.0006191284578873025,0.0006486911215492376,0.0005895657942253673,32,False,False
37.582661814913656,0.992716826472228,0.989075239708342,0.0006232108769033065,0.0006522009292850658,0.0005942208245215472,32,False,False
37.613902597802195,0.9926998389591106,0.9890497584386659,0.0006195038789801527,0.0006475860990917948,0.0005914216588685107,32,False,False
37.64514338069074,0.9926822762159949,0.9890234143239923,0.0006132176269600701,0.0006414245443898881,0.0005850107095302521,32,False,False
37.67638416357928,0.9926662331005923,0.9889993496508884,0.0006135728178036357,0.0006426944740900056,0.000584451161517266,32,False,False
37.70762494646782,0.992652093299951,0.9889781399499264,0.0006190182227995625,0.0006484684323471181,0.000589568013252007,32,False,False
37.738865729356355,0.9926381283521201,0.9889571925281803,0.0006213966434667666,0.0006501906500425532,0.0005926026368909799,32,False,False
37.7701065122449,0.9926230642706662,0.9889345964059991,0.0006170418764181779,0.0006451478793339693,0.0005889358735023865,32,False,False
37.80134729513344,0.9926078826099133,0.9889118239148701,0.0006122867462199908,0.0006407144850289041,0.0005838590074110776,32,False,False
37.83258807802198,0.9925943103430734,0.9888914655146102,0.0006139099362954525,0.0006431191528460465,0.0005847007197448584,32,False,False
37.863828860910516,0.992582217432957,0.9888733261494356,0.0006186404818061522,0.0006479510194880566,0.0005893299441242477,32,False,False
37.89506964379906,0.9925699745502333,0.9888549618253498,0.0006195281892606258,0.0006481721809689847,0.0005908841975522668,32,False,False
37.9263104266876,0.9925568236091303,0.9888352354136954,0.000615061015848816,0.0006432439169513889,0.0005868781147462433,32,False,False
37.95755120957614,0.9925439376055097,0.9888159064082647,0.0006118530130313958,0.0006404736389312605,0.0005832323871315312,32,False,False
37.98879199246468,0.9925326100766146,0.9887989151149219,0.0006142259002431217,0.0006434618932245362,0.0005849899072617071,32,False,False
38.020032775353215,0.9925223471588837,0.9887835207383256,0.0006180253073957203,0.0006471879861787563,0.0005888626286126845,32,False,False
38.05127355824176,0.9925117357687553,0.9887676036531331,0.0006177273898203279,0.0006462729234372967,0.0005891818562033592,32,False,False
38.0825143411303,0.9925004670271406,0.9887507005407108,0.0006135856637984826,0.000641879846365477,0.0005852914812314883,32,False,False
38.11375512401884,0.9924897443348257,0.9887346165022385,0.0006117736832168384,0.0006405467504291176,0.0005830006160045592,32,False,False
38.144995906907376,0.9924804231990753,0.9887206347986128,0.0006144373817103274,0.000643651948317065,0.0005852228151035899,32,False,False
38.17623668979592,0.9924717979646688,0.9887076969470032,0.0006172300250924017,0.0006462529181924937,0.0005882071319923096,32,False,False
38.20747747268446,0.9924627404869665,0.9886941107304497,0.0006161012168035012,0.0006445991018454972,0.0005876033317615052,32,False,False
38.238718255573,0.9924532940223743,0.9886799410335614,0.0006125916882879798,0.0006410121644393502,0.0005841712121366095,32,False,False
38.269959038461536,0.9924445632229505,0.9886668448344257,0.0006119102696557235,0.0006407899016578799,0.0005830306376535671,32,False,False
38.30119982135008,0.9924370107612046,0.9886555161418069,0.000614501396950984,0.0006436609987831074,0.0005853417951188605,32,False,False
38.33244060423862,0.9924298556127841,0.9886447834191759,0.0006163291684460745,0.0006452327917475919,0.000587425545144557,32,False,False
38.36368138712716,0.9924222776030313,0.9886334164045469,0.0006147305230258177,0.0006432252771962017,0.0005862357688554337,32,False,False
38.3949221700157,0.9924145599651132,0.9886218399476698,0.0006120155202578499,0.0006405598403813597,0.00058347120013434,32,False,False
38.426162952904235,0.9924076211374985,0.9886114317062478,0.0006121431570477196,0.0006410844384917889,0.0005832018756036501,32,False,False
38.45740373579278,0.9924016100383143,0.9886024150574715,0.0006144102744053217,0.0006434962353119929,0.0005853243134986506,32,False,False
38.48864451868132,0.9923957788200691,0.9885936682301038,0.0006154040178401506,0.0006442168230215795,0.0005865912126587218,32,False,False
38.51988530156986,0.9923895994753963,0.9885843992130944,0.0006136623612545461,0.0006421880513264515,0.0005851366711826408,32,False,False
38.551126084458396,0.9923834832509569,0.9885752248764355,0.0006117676119536386,0.0006404197694342093,0.000583115454473068,32,False,False
38.58236686734694,0.9923781196360544,0.9885671794540816,0.0006123809508295923,0.0006413449289198327,0.0005834169727393519,32,False,False
38.61360765023548,0.9923734391355717,0.9885601587033577,0.0006141843044356306,0.0006431914621792778,0.0005851771466919835,32,False,False
38.64484843312402,0.9923688013718687,0.9885532020578028,0.0006145321595433699,0.0006432857562367801,0.0005857785628499598,32,False,False
38.67608921601256,0.992363925580665,0.9885458883709975,0.000612907120424729,0.0006414850782764653,0.0005843291625729926,32,False,False
38.7073299989011,0.9923592528068386,0.9885388792102578,0.0006117477503615784,0.0006404832619087537,0.0005830122388144031,32,False,False
38.73857078178964,0.9923552419796597,0.9885328629694896,0.000612564346077283,0.0006415212710715997,0.0005836074210829664,32,False,False
38.76981156467818,0.9923517003053549,0.9885275504580325,0.0006138631749291812,0.0006427973627175333,0.0005849289871408293,32,False,False
38.80105234756672,0.9923481339860464,0.9885222009790695,0.0006137778287504895,0.0006425024264245756,0.0005850532310764034,32,False,False
38.83229313045526,0.9923444468736843,0.9885166703105265,0.0006124409937814235,0.000641079614108125,0.0005838023734547219,32,False,False
38.8635339133438,0.9923410355020882,0.9885115532531323,0.0006118595836380084,0.0006406508311376348,0.0005830683361383821,32,False,False
38.89477469623234,0.992338158731911,0.9885072380978664,0.0006126652073680289,0.0006415959509395109,0.000583734463796547,32,False,False
38.92601547912088,0.9923355822167131,0.9885033733250698,0.0006134969231661828,0.0006423716604250675,0.000584622185907298,32,False,False
38.957256262009416,0.9923329662209256,0.9884994493313883,0.0006131841193192239,0.0006419047173190412,0.0005844635213194066,32,False,False
38.98849704489796,0.9923303307839237,0.9884954961758855,0.0006122132970975857,0.0006409097812716857,0.0005835168129234856,32,False,False
39.0197378277865,0.9923279830132604,0.9884919745198906,0.0006120221859815499,0.0006408431859383961,0.0005832011860247037,32,False,False
39.05097861067504,0.9923260319099819,0.9884890478649727,0.0006126820528936612,0.0006415778771804796,0.0005837862286068427,32,False,False
39.08221939356358,0.9923242614514555,0.9884863921771833,0.0006131369173767912,0.0006419696961661915,0.0005843041385873909,32,False,False
39.11346017645212,0.9923224686689481,0.9884837030034221,0.0006127682339194996,0.0006415020458507997,0.0005840344219881996,32,False,False
39.14470095934066,0.9923207266369701,0.9884810899554551,0.0006121572170754966,0.0006409008046074811,0.0005834136295435119,32,False,False
39.1759417422292,0.9923192377539696,0.9884788566309545,0.0006121773306209623,0.0006410073116654299,0.0005833473495764948,32,False,False
39.20718252511774,0.9923180177775425,0.9884770266663138,0.0006126332399216173,0.0006414942320694624,0.0005837722477737721,32,False,False
39.23842330800628,0.9923169035134053,0.988475355270108,0.0006128273830892347,0.0006416359612186575,0.000584018804959812,32,False,False
39.26966409089482,0.9923157955926083,0.9884736933889126,0.0006125206933472917,0.000641276145858592,0.0005837652408359913,32,False,False
39.30090487378336,0.992314771175932,0.9884721567638981,0.0006122019404599815,0.000640977940275996,0.0005834259406439671,32,False,False
39.3321456566719,0.9923139375925233,0.9884709063887848,0.0006122921077522402,0.0006411175588264434,0.000583466656678037,32,False,False
39.363386439560436,0.9923132684599286,0.988469902689893,0.0006125489687740582,0.0006413815205791328,0.0005837164169689837,32,False,False
39.39462722244898,0.9923126636297184,0.9884689954445774,0.000612598160147188,0.0006413973007119584,0.0005837990195824177,32,False,False
39.42586800533752,0.9923120880456316,0.9884681320684473,0.0006124088202142976,0.0006411862262493929,0.0005836314141792024,32,False,False
39.45710878822606,0.9923115937960661,0.9884673906940992,0.0006122839620585224,0.0006410778096567825,0.0005834901144602622,32,False,False
39.4883495711146,0.9923112192148938,0.9884668288223409,0.0006123573525925407,0.0006411724840221364,0.0005835422211629449,32,False,False
39.51959035400314,0.9923109326188131,0.9884663989282195,0.0006124629490526709,0.0006412766818419229,0.0005836492162634188,32,False,False
39.55083113689168,0.9923106875939206,0.9884660313908809,0.0006124595621889213,0.0006412586585203322,0.0005836604658575103,32,False,False
39.58207191978022,0.992310477394103,0.9884657160911544,0.0006123840017469905,0.0006411777187229712,0.0005835902847710097,32,False,False
39.61331270266876,0.9923103211063257,0.9884654816594883,0.0006123557079378998,0.0006411563416071155,0.0005835550742686841,32,False,False
39.6445534855573,0.9923102201240349,0.9884653301860525,0.00061238287057961,0.0006411886542871758,0.0005835770868720443,32,False,False
39.67579426844584,0.992310155452083,0.9884652331781246,0.0006124043713135879,0.0006412089144944243,0.0005835998281327517,32,False,False
39.70703505133438,0.9923101128458272,0.9884651692687407,0.0006124002391269969,0.0006412021974272564,0.0005835982808267374,32,False,False
39.73827583422292,0.992310089029942,0.9884651335449132,0.0006123914411815005,0.0006411930513041377,0.0005835898310588634,32,False,False
39.76951661711146,0.9923100804903285,0.988465120735493,0.0006123903145156918,0.0006411923547579486,0.000583588274273435,32,False,False
39.8007574,0.9923100793798568,0.9884651190697853,0.0006123906179095191,0.0006411927182615866,0.0005835885175574517,32,False,True
